"TID","EN","FR","DE","ES","IT","NL","NO","TR","JP","KR","RU","AR","PT","CN","CNT"
"string","string","string","string","string","string","string","string","string","string","string","string","string","string","string","string"
"TID_TIME_SECS","sec","s","s","s","sec","sec","sek","sn","秒","초","с.","ث","seg","秒","秒"
"NPC16_TAUNT_START","Welcome to the show!","Vous allez en prendre plein les yeux !","Willkommen bei der Show!","¡Que empiece el espectáculo!","Benvenuto allo show!","Welkom bij het spektakel!","Velkommen til showet!","Gösteriye hoş geldin!","ショーの始まりだ！","이제 시작해볼까?","Шоу начинается!","مرحبًا في العرض!","Bem-vindo ao show!","好戏开始喽！","好戲開鑼囉！"
"TID_ARENA_TOWER","Arena Towers","Tours d'arène","Arenatürme","Torres de la arena","Torri dell'arena","Arenatorens","Arenatårn","Arena Kuleleri","アリーナタワー","아레나 타워","Башни арены","أبراج الساحة","T. da Arena","护卫塔","護衛塔"
"TID_CHARACTER_BOMBER","Bomber","Bombardier","Bomber","Bombardero","Bombarolo","Bommengooier","Bomber","Bombacı","ボンバー","폭탄병","Подрывник","مفجر","Bombardeiro","炸弹兵","炸彈兵"
"TID_CHARACTER_MINIPEKKA","Mini P.E.K.K.A","Mini P.E.K.K.A","Mini-P.E.K.K.A.","Mini P.E.K.K.A.","Mini P.E.K.K.A","Mini-P.E.K.K.A.","Mini-P.E.K.K.A","Mini P.E.K.K.A","ミニP.E.K.K.A","미니 P.E.K.K.A","Мини П.Е.К.К.А.","بيكا صغير","Mini P.E.K.K.A","迷你皮卡","迷你皮卡"
"TID_CHEST_MAGICAL","Magical chest","Coffre magique","Magietruhe","Cofre mágico","Baule magico","Magische kist","Magisk kiste","Büyülü sandık","魔法の宝箱","마법 상자","Магический сундук","صندوق سحري","Baú mágico","神奇宝箱","神奇寶箱"
"TID_COME_BACK_NOTIFICATION_LARGE","Battle Arena is waiting for you!","L'arène de combat vous attend !","Die Kampfarena erwartet dich!","¡La arena te espera!","L'arena da battaglia ti sta aspettando!","De arena wacht op je!","Kamparenaen venter!","Savaş Arenası seni bekliyor!","アリーナがあなたを待っています！","아레나가 기다리고 있습니다!","Арена ждет тебя!","ساحة المعركة في انتظارك!","A Arena de Batalha espera por você!","竞技场在召唤您！","競技場在召喚您！"
"TID_COME_BACK_NOTIFICATION_MEDIUM","Battle Arena is waiting for you!","L'arène de combat vous attend !","Die Kampfarena erwartet dich!","¡La arena te espera!","L'arena da battaglia ti sta aspettando!","De arena wacht op je!","Kamparenaen venter!","Savaş Arenası seni bekliyor!","アリーナがあなたを待っています！","아레나가 기다리고 있습니다!","Арена ждет тебя!","ساحة المعركة في انتظارك!","A Arena de Batalha espera por você!","竞技场在召唤您！","競技場在召喚您！"
"TID_COME_BACK_NOTIFICATION_SMALL","Battle Arena is waiting for you!","L'arène de combat vous attend !","Die Kampfarena erwartet dich!","¡La arena te espera!","L'arena da battaglia ti sta aspettando!","De arena wacht op je!","Kamparenaen venter!","Savaş Arenası seni bekliyor!","アリーナがあなたを待っています！","아레나가 기다리고 있습니다!","Арена ждет тебя!","ساحة المعركة في انتظارك!","A Arena de Batalha espera por você!","竞技场在召唤您！","競技場在召喚您！"
"TID_HINT_CHEST_BASICS4","Magical Chests always contain at least one Epic Card.","Les coffres magiques contiennent au moins une carte épique.","Magietruhen enthalten immer mindestens eine epische Karte.","Los cofres mágicos siempre contienen una carta épica como mínimo.","I bauli magici contengono sempre almeno una carta epica.","Magische kisten bevatten altijd op zijn minst één epische kaart.","Magiske kister inneholder alltid minst ett episk kort.","Büyülü Sandıklar her zaman en az bir Destansı Kart içerir.","魔法の宝箱にはスーパーレアカードが\n最低1枚は入っています。","마법 상자에는 항상 영웅 카드가 최소 1장이 들어있습니다.","В магических сундуках есть минимум одна эпическая карта.","تحتوي الصناديق السحرية دائمًا على بطاقة ممتازة واحدة على الأقل.","Baús mágicos sempre contêm pelo menos uma carta épica.","神奇宝箱保证包含至少一张史诗卡牌。","神奇寶箱中最至少含有一張史詩級卡片。"
"TID_HINT_TAUNTS","Use taunts to show your opponent you´re a good sport. Or not.","Utilisez des railleries pour montrer à votre adversaire que vous êtes beau joueur. Ou pas.","Verspotte deinen Gegner, um zu zeigen, wie nett du bist ... oder auch nicht.","Envíales frases a tus rivales para demostrarles que tienes buen perder. O no.","Usa le provocazioni per mostrare all'avversario quanto sei simpatico. O no.","Daag je tegenstander uit om te laten zien dat jij een sportieve tegenstander bent. Of niet.","Hån motstanderen for å vise at du har god sportsånd. Eller mangler det.","Rakibine iyi bir oyuncu olduğunu göstermek için onunla alay et. Ya da etme.","スタンプを使えば、対戦相手に\n自分の潔さをアピールできます。\nしなくても問題はありませんが...","도발을 사용해 상대에게 당신의 인성을 보여주세요.","Насмехайся над врагом, чтобы показать, что ты — достойный противник! Или нет...","استخدم التهكمات لإظهار إن كنت تتمتع بروح رياضية أمام خصمك أم لا.","Use provocações para mostrar ao adversário que você tem espírito esportivo. Ou não.","善用嘲讽功能来展示您的风度。\n关注官方微信服务号cr-kefu和订阅号crsupercell","善用嘲諷功能來展現您的風度。"
"TID_HINT_WINNING_CONDITION2","Destroy the enemy King's tower to get an instant victory!","Détruisez la tour du roi ennemi pour remporter la victoire instantanément !","Zerstöre den feindlichen Königsturm, um sofort den Sieg davonzutragen!","Destruye la torre del rey rival para hacerte con la victoria al instante.","Distruggi la torre del re del nemico per ottenere una vittoria istantanea!","Vernietig de koningstoren van de vijand om onmiddellijk te winnen!","Ødelegg fiendens kongetårn for å ta seieren øyeblikkelig!","Anında zafer kazanmak için düşman Kral kulesini yok et!","敵のキングタワーを壊せば\nその時点であなたの勝利です！","킹스 타워를 부수면 바로 승리합니다!","Уничтожь вражескую башню короля, чтобы победить!","دمّر برج الملك لتحقيق النصر الفوري!","Destrua a torre do Rei inimigo para vencer instantaneamente.","摧毁敌军的国王塔即可立即获胜！","摧毀敵方的國王塔就能立刻獲得勝利！"
"TID_KINGS_TOWER","King's Tower","Tour du roi","Königsturm","Torre del rey","Torre del re","Koningstoren","Kongetårn","Kral Kulesi","キングタワー","킹스 타워","Башня короля","برج الملك","Torre do Rei","国王塔","國王塔"
"TID_SPELL_COLLECTION","Card Collection","Cartes possédées","Kartensammlung","Colección","Collezione carte","Kaartverzameling","Kortsamling","Kart Koleksiyonu","カードコレクション","카드 콜렉션","Коллекция карт","مجموعة بطاقات","Coleção de cartas","我的牌库","卡片收藏"
"TID_SPELL_LIGHTNING","Lightning","Foudre","Blitz","Rayo","Fulmine","Bliksem","Lyn","Yıldırım","ライトニング","번개 마법","Молния","برق","Relâmpago","雷电法术","雷電法術"
"TID_SPELL_MINIPEKKA","Mini P.E.K.K.A","Mini P.E.K.K.A","Mini-P.E.K.K.A.","Mini P.E.K.K.A.","Mini P.E.K.K.A","Mini-P.E.K.K.A.","Mini-P.E.K.K.A","Mini P.E.K.K.A","ミニP.E.K.K.A","미니 P.E.K.K.A","Мини П.Е.К.К.А.","بيكا صغير","Mini P.E.K.K.A","迷你皮卡","迷你皮卡"
"TID_SPELL_MIRROR","Mirror","Miroir","Spiegel","Espejo","Specchio","Spiegel","Speil","Ayna","鏡","반사경","Зеркало","مرآة","Espelho","镜像法术","鏡像法術"
"TID_SPELL_RAGE","Rage","Rage","Wut","Furia","Furia","Woede","Raseri","Öfke","レイジ","분노 마법","Ярость","الغضب","Fúria","狂暴法术","狂暴"
"TID_SPELL_SKELETON_HORDE","Skeleton Army","Armée de squelettes","Skelettarmee","Ejército de esqueletos","Orda di scheletri","Skeletleger","Skjelettarmé","İskelet Ordusu","スケルトン部隊","해골 군대","Армия скелетов","جيش هياكل عظمية","Exército de Esqueletos","骷髅军团","骷髏軍團"
"TID_SPELL_SPEAR_GOBLINS","Spear Goblins","Gobelins à lances","Speerkobolde","Duendes con lanza","Goblin lancieri","Speerkobolden","Spydnisser","Mızraklı Goblin","槍ゴブリン","창 고블린","Гоблины—копейщики","غيلان الرمح","Goblins Lanceiros","哥布林投矛手","哥布林投矛手"
"TID_SPELL_UPGRADE_EXP","Upgrade Gives","L'amélioration donne","Verbesserung gewährt","La mejora da","Miglioramento dà","Upgrade levert op","Oppgraderingen gir","Yükseltmenin Verdikleri:","アップグレード経験値","업그레이드 보상","Улучшение даст","منح الترقيات","A melhoria dá","升级可获得","升級可提供"
"TID_SPELL_ZAP","Zap","Électrocution","Knall","Descarga","Scarica","Zappen","Zap","Çarpma","ザップ","감전 마법","Разряд","منطلق","Choque","电击法术","電擊法術"
"TID_HINT_PEKKAS","The P.E.K.K.A and Mini P.E.K.K.A are easily distracted, but they hit like a truck.","Les P.E.K.K.A et les mini P.E.K.K.A se laissent facilement distraire, mais ce sont de vrais démolisseurs.","P.E.K.K.A und Mini-P.E.K.K.A lassen sich leicht ablenken, schlagen aber mit großer Wucht zu.","El P.E.K.K.A y el mini P.E.K.K.A se distraen con facilidad, pero golpean con la fuerza de un huracán.","P.E.K.K.A e mini P.E.K.K.A si distraggono facilmente, ma pestano come dei fabbri.","P.E.K.K.A. en mini-P.E.K.K.A. worden makkelijk afgeleid, maar hebben de kracht van een monstertruck.","P.E.K.K.A og Mini-P.E.K.K.A blir lett distrahert, men de slår godt fra seg.","P.E.K.K.A ve Mini P.E.K.K.A'nın dikkati kolay dağılır ancak bir kamyon gibi çarparlar.","P.E.K.K.AやミニP.E.K.K.Aはちょっと\n気が散りやすいのが難点ですが、\nダンプカーなみの破壊力を発揮します。","P.E.K.K.A.와 미니 P.E.K.K.A.는 적에게 쉽게 낚이지만, 트럭이 들이받는 것과 맞먹는 공격력을 자랑합니다.","П.Е.К.К.А и мини П.Е.К.К.А легко отвлекаются, но бьют как танки.","يسهل إلهاء بيكا وبيكا الصغيرة، لكنهما يصيبانك كالشاحنة.","A P.E.K.K.A e a Mini P.E.K.K.A são distraídas facilmente, mas têm o impacto de um caminhão.","皮卡超人和迷你皮卡很容易分心，但他们的攻击力非常高。","皮卡超人和迷你皮卡很容易分心，但是他們的攻擊威力驚人。"
"TID_CHEST_MAGICAL_NOTIFICATION","Magical chest unlocked!","Coffre magique débloqué !","Magietruhe freigeschaltet!","¡Cofre mágico desbloqueado!","Baule magico sbloccato!","Magische kist ontgrendeld!","Magisk kiste opplåst!","Büyülü sandığın kilidi açıldı!","魔法の宝箱がアンロックされました！","마법 상자 열림!","Открыт магический сундук!","تم فتح صندوق سحري!","Baú mágico aberto!","神奇宝箱已解锁！","已解鎖神奇寶箱！"
"TID_VIEW_PROFILE_BUTTON","View\nProfile","Voir\nle profil","Profil\nansehen","Ver\nperfil","Visualizza\nprofilo","Profiel\nbekijken","Vis\nprofil","Profili\nGörüntüle","プロフィール\nを表示","프로필\n보기","Просмотр\nпрофиля","عرض\nالملف الشخصي","Ver\nperfil","查看玩家简介","查看玩家簡介"
"TID_INFO_ARENA6","Builder's Workshop","Atelier d'ouvrier","Bauarbeiterwerkstatt","Taller de constructor","Officina del costruttore","Bouwerswerkplaats","Byggernes verksted","İnşaatçının Atölyesi","大工の作業場","장인의 작업실","Мастерская строителя","ورشة البنّاء","Oficina do Construtor","建筑工人工坊","建築工人工坊"
"TID_CHEST_SUPER","Super Magical Chest","Super coffre magique","Super-Magietruhe","Cofre supermágico","Baule super magico","Supermagische kist","Super magisk kiste","Süper Büyülü Sandık","スーパー魔法の宝箱","슈퍼 마법 상자","Супер-магический сундук","صندوق سحري خارق","Baú muito mágico","超级神奇宝箱","超級神奇寶箱"
"TID_CHEST_SUPER_NOTIFICATION","Super Magical chest unlocked!","Super coffre magique débloqué !","Super-Magietruhe freigeschaltet!","¡Cofre supermágico desbloqueado!","Baule super magico sbloccato!","Supermagische kist ontgrendeld!","Super magisk kiste låst opp!","Süper Büyülü sandığın kilidi açıldı!","スーパー魔法の宝箱がアンロックされました！","슈퍼 마법 상자 열림!","Супермагический сундук открыт!","تم فتح صندوق سحري خارق!","Baú muito mágico desbloqueado","超级神奇宝箱已解锁！","已解鎖超級神奇寶箱！"
"TID_SPELL_INFO_THREE_MUSKETEERS","Trio of powerful, independent markswomen, fighting for justice and honor. Disrespecting them would not be just a mistake, it would be a cardinal sin!","Trio de tireuses d'élites indépendantes et puissantes, qui luttent pour la justice et l'honneur. Leur manquer de respect ne serait pas une simple erreur, ce serait un péché capital !","Ein Trio dreier starker, unabhängiger Schützinnen, die für Gerechtigkeit und Ehre kämpfen. Wer sie nicht respektiert, begeht nicht nur einen Fehler, sondern eine Todsünde!","Este trío de tiradoras poderosas e independientes lucha por la justicia y el honor. Faltarles al respeto no solo sería un error, ¡también un pecado mortal!","Un trio di tiratrici scelte potenti e indipendenti che combattono per l'onore e la giustizia. Sarebbe un errore mancar loro di rispetto, sarebbe un peccato capitale!","Een trio van drie sterke, onafhankelijke vrouwelijke schutters, strijdend om gerechtigheid en eer. Ze respectloos behandelen is niet alleen dom, maar een doodzonde!","En trio av sterke, uavhengige skarpskyttere som kjemper for rettferdighet og ære. Du tabber deg ikke bare ut om du disser dem, du gjør deg skyldig i en dødssynd!","Güçlü ve özgür nişancı kadın üçlüsü adalet ve onur için savaşır. Onlara karşı saygısızlık etmek yalnızca bir hata değil, büyük bir günah olur!","正義と名誉のために戦う、誇り高い３人の銃士です。彼女らに無礼をはたらく者は、タダでは済まないでしょう。それはもはや裁くべき罪なのです！","세 명의 강력하고 독립적인 저격수들로 정의와 명예를 위해 싸웁니다. 이들을 무시하면 큰 코 다칩니다. 추기경의 권위에 대한 도전이 되니까요!","Трое сильных независимых стрелков, сражающихся за справедливость и честь. Неуважение к ним — это не просто ошибка, а смертный грех!","ثلاثي قوي، مقاتلات قويات مستقلات، يقاتلن من أجل العدل والشرف. عدم احترامهن لن يكون مجرد خطأ، بل بمثابة خطيئة كبرى!","Um trio de mulheres poderosas e independentes que luta por justiça e honra. Desrespeitá-las não seria somente um erro, como também um verdadeiro pecado.","三位强大、独立的女神枪手，为了正义与荣耀而战。对她们不敬可不仅仅是个小错，事儿大着呢。","三人一組，自立自強的霹靂嬌娃，她們為了正義和榮譽而戰。可千萬別失禮，如果惹到她們，只能說你自己找地雷踩！"
"TID_SPELL_INFO_LIGHTNING","Bolts of lightning hit up to three enemy troops or buildings with the most hitpoints in the target area. Reduced damage to Crown Towers.","La foudre s'abat sur les trois bâtiments ou combattants ennemis ayant le plus de points de vie dans la zone cible. Dégâts réduits sur les tours couronnées.","Blitze treffen bis zu drei gegnerische Einheiten oder Gebäude mit den meisten Trefferpunkten im Zielbereich. Reduzierter Schaden gegen Kronentürme.","Estos rayos pueden infligir daño a las tres unidades o estructuras enemigas con más puntos de vida en el área objetivo. Son menos efectivos contra las torres de coronas.","Dei fulmini colpiscono fino a 3 truppe nemiche o edifici con il maggior numero di punti ferita nell'area bersaglio. Danno ridotto alle torri della corona.","Bliksemschichten raken maximaal drie vijandelijke eenheden of gebouwen met het hoogste aantal levenspunten in het doelgebied. Kroontorens lopen minder schade op.","Lynnedslag treffer inntil tre av de fiendtlige troppene eller bygningene med flest treffpoeng i målområdet. Mindre skade på kronetårn.","Yıldırım okları, hedef alandaki en çok isabet puanına sahip üç düşman birliğini ya da binasını vurur. Taç Kulelerine daha az hasar verir.","最大3体までの敵ユニットまたは建物を雷撃します。攻撃対象は範囲内でヒットポイントが高い順に決まります。クラウンタワーに対してはダメージが減少します。","목표 지역에서 HP가 가장 높은 적이나 건물을 최대 셋까지 번개로 공격합니다. 크라운 타워에는 비교적 적은 피해를 줍니다.","Разряды молнии поражают до трех вражеских воинов или зданий, способных нанести наибольший урон. Повреждение королевской башни снижено.","صواعق من البرق تصيب حتى ثلاثة من قوات الأعداء أو المباني مع أكثر نقاط الإصابة في منطقة الهدف. ضرر منخفض لأبراج التاج.","Raios atingem até três tropas ou construções inimigas com o maior número de pontos de vida na área do alvo. Dano reduzido à Torre da Coroa.","发射雷电法术，最多可以命中目标区域中三个生命值最高的敌军或建筑。对皇家塔的伤害有所降低。","雷電法術最多可命中目的地區域內3個生命值最高的敵軍或建築。對皇家塔傷害有所降低。"
"TID_SPELL_INFO_ZAP","Zaps enemies, briefly stunning them and dealing damage inside a small radius. Reduced damage to Crown Towers.","Foudroie les ennemis, les étourdit brièvement et inflige des dégâts dans un faible rayon. Dégâts réduits sur les tours couronnées.","Trifft Feinde, lähmt und fügt in einem kleinen Umkreis Schaden zu. Reduzierter Schaden gegen Kronentürme.","La descarga inflige daño brevemente a los enemigos dentro de un radio de alcance reducido. Es menos efectiva contra las torres de coronas.","Fulmina i nemici, stordendoli e infliggendo danno entro un'area limitata. Danno ridotto alle torri della corona.","Zapt vijanden, verdooft ze korte tijd en veroorzaakt schade binnen een kleine straal. Kroontorens lopen minder schade op.","Zapper fiender slik at de svimeslås i en liten stund, og forårsaker skade innenfor en liten radius. Mindre skade på kronetårn.","Yıldırım, düşmanları kısa bir süre için sersemletip ufak bir alan içindekilere hasar verir. Taç Kulelerine daha az hasar verir.","小さな円の範囲内にいる敵をビリビリ攻撃し、ダメージを与えて気絶させます。ただしクラウンタワーに対してはダメージが減少します。","좁은 범위 내의 적들을 감전시키고 피해를 줍니다. 크라운 타워에는 비교적 적은 피해를 줍니다.","Бьет по врагам, ненадолго парализуя и нанося урон в небольшом радиусе. Повреждение королевской башни снижено.","يضرب الأعداء، يصعقهم لفترة قصيرة ويسبب الضرر في مدى صغير. ضرر مخفض لأبراج التاج.","Eletrocutam e atordoam os inimigos, causando dano em um raio pequeno. Dano reduzido à Torre da Coroa.","电击法术在小范围内造成伤害。对皇家塔伤害有所降低。","電擊法術可以瞬間擊倒敵人並在小範圍內造成傷害，但對皇家塔的傷害將會降低。"
"TID_HINT_CHEST_MAGICAL","Magical Chests have a higher chance of containing a Legendary Card.","Les coffres magiques ont plus de chances de contenir une carte légendaire.","Magietruhen gewähren eine höhere Chance auf eine Legendäre Karte.","Tienes una alta probabilidad de encontrar una carta legendaria en los cofres mágicos.","I bauli magici hanno più probabilità di contenere una carta leggendaria.","Magische kisten leveren een hogere kans op een legendarische kaart op.","Magiske kister har større sjanse for å inneholde et legendarisk kort.","Büyülü Sandıklarda Efsanevi Kart olma ihtimali daha yüksektir.","魔法の宝箱には、他の宝箱よりも高い確率で\nウルトラレアカードが入っています。","마법 상자는 전설 카드가 들어 있을 확률이 높습니다.","В магическом сундуке можно с большей вероятностью найти легендарную карту.","الصناديق السحرية لديها فرصة أكبر في الاحتواء على بطاقة أسطورية.","Baús Mágicos têm mais chance de conter cartas lendárias.","神奇宝箱掉落传奇卡牌的几率更高。","從神奇寶箱中獲得傳說卡片的機會更高。"
"TID_HINT_CHEST_SUPER_MAGICAL1","Super Magical Chests have the highest chance of containing a Legendary Card.","Les super coffres magiques ont les meilleures chances de contenir une carte légendaire.","Super-Magietruhen gewähren die höchste Chance auf eine Legendäre Karte.","Tienes la probabilidad más alta de encontrar una carta legendaria en los cofres supermágicos.","I bauli super magici hanno le probabilità più alte di contenere una carta leggendaria.","Supermagische kisten leveren de hoogste kans op een legendarische kaart op.","Supre magiske kister har størst sjanse for å inneholde et legendarisk kort.","Süper Büyülü Sandıklarda Efsanevi Kart olma ihtimali en yüksektir.","スーパー魔法の宝箱には、他のどの宝箱よりも\n高い確率でウルトラレアカードが入っています。","슈퍼 마법 상자는 전설 카드가 들어 있을 확률이 가장 높습니다.","В супермагическом сундуке самая большая вероятность найти легендарную карту.","الصناديق السحرية الخارقة لديها أكبر فرصة في الاحتواء على بطاقة أسطورية.","Baús Muito Mágicos têm o máximo de chance de conter cartas lendárias.","超级神奇宝箱掉落传奇卡牌的几率最高。","最有機會從超級神奇寶箱中獲得傳說卡片。"
"TID_HINT_CHEST_SUPER_MAGICAL2","Super Magical Chests can be won from battle, but they're incredibly rare!","Les combats peuvent rapporter des super coffres magiques, mais ils sont extrêmement rares !","Super-Magietruhen können im Kampf gewonnen werden - aber sie sind ungemein selten!","Los cofres supermágicos se pueden obtener en las batallas, ¡pero es dificilísimo encontrarlos!","Puoi vincere bauli super magici in battaglia, ma sono incredibilmente rari!","Je kunt supermagische kisten winnen in gevechten, maar ze zijn uitzonderlijk zeldzaam!","Du kan vinne supre magiske kister i kamp, men de er ekstremt sjeldne!","Süper Büyülü Sandıklar savaşlardan kazanılır ancak son derece enderdirler!","スーパー魔法の宝箱はバトルでも獲得できますが\n運のいい人でも滅多に手に入りません！","전투에서 슈퍼 마법 상자를 얻을 수는 있지만 확률이 매우 낮습니다!","Супермагический сундук можно выиграть в бою, но они очень редкие!","يمكن ربح الصناديق السحرية الخارقة من المعارك، لكنها نادرة للغاية!","Os Baús Muito Mágicos podem ser conseguidos em batalhas, mas são extremamente raros.","您可以从战斗中赢取超级神奇宝箱，但这种宝箱非常罕见！","你可以從戰鬥中獲得超級神奇寶箱，但是機會可說是微乎極微！"
"TID_ACHIEVEMENT_INFO_REACHARENA","Reach Arena <num>","Atteindre l'arène <num>","Erreiche Arena <num>.","Llega a la arena <num>.","Raggiungi l'arena <num>","Bereik arena <num>","Nå arena <num>","<num>. Arenaya eriş","アリーナ<num>に到達する","아레나 <num> 도달","Доберись до арены <num>","الوصول إلى الساحة <num>","Chegar à arena <num>.","到达竞技场<num>","進入<num>階競技場"
"TID_ACHIEVEMENT_TITLE_CARDS","Gatherer","Collectionneur","Sammler","Coleccionista","Raccoglitore","Verzamelaar","Samleren","Toplayıcı","カードコレクター","수집가","Коллекционер","مجمع","Acumulador","收藏家","大收藏家"
"TID_ACHIEVEMENT_TITLE_REACHARENA","Road to Glory","En route pour la gloire","Weg zum Ruhm","El camino a la gloria","La strada per la gloria","De weg naar de roem","Veien til ære","Zafere giden yol","栄光への道","영예의 길","Путь к славе","الطريق إلى المجد","Estrada para a glória","荣耀之路","榮耀之路"
"TID_ALLIANCE_KICK","You have been kicked from the clan!","Vous avez été exclu(e) du clan !","Du wurdest aus dem Clan geworfen!","Te han expulsado del clan.","Sei stato espulso dal clan!","Je bent uit de clan gezet!","Du har blitt sparket fra klanen!","Klandan atıldın!","クランから追放されました！","클랜에서 추방되었습니다!","Тебя выгнали из клана!","تم طردك من القبيلة!","Você foi expulso do clã.","您被踢出了部落！","您被踢出了部落！"
"TID_ALLIANCE_KICK_CONFIRMATION","Do you really kick <name> out of your Clan?","Voulez-vous vraiment exclure <name> de votre clan ?","Möchtest du <name> wirklich aus deinem Clan werfen?","¿Seguro que quieres expulsar a <name> del clan?","Vuoi veramente espellere <name> dal tuo clan?","Weet je zeker dat je <name> uit de clan wilt zetten?","Vil du virkelig sparke <name> ut av klanen?","<name> adlı oyuncuyu Klandan atmak istediğine emin misin?","<name>をクランから追放してよろしいですか？","정말로 <name> 님을 클랜에서 추방하시겠습니까?","Точно хочешь выгнать игрока <name> из клана?","هل تريد حقًا طرد <name> من قبيلتك؟","Quer mesmo expulsar <name> do seu clã?","您确定要将<name>踢出您部落吗？","您確定將<name>踢出部落嗎？"
"TID_ALLIANCE_TYPE_CLOSED","Closed","Fermé","Geschlossen","Privado","Chiuso","Besloten","Lukket","Kapalı","参加不可","비공개","Закрытый","مغلق","Fechado","不可加入","不可加入"
"TID_ALLIANCE_TYPE_OPEN","Open","Ouvert","Offen","Abierto","Aperto","Open","Åpen","Aç","誰でも参加可能","공개","Открытый","فتح","Aberto","允许任何人","允許任何人"
"TID_ARENA1","Arena 1","Arène 1","Arena 1","Arena 1","Arena 1","Arena 1","Arena 1","1. Arena","アリーナ1","아레나 1","Арена 1","الساحة 1","Arena 1","1阶竞技场","1階競技場"
"TID_ARENA2","Arena 2","Arène 2","Arena 2","Arena 2","Arena 2","Arena 2","Arena 2","2. Arena","アリーナ2","아레나 2","Арена 2","الساحة 2","Arena 2","2阶竞技场","2階競技場"
"TID_ARENA3","Arena 3","Arène 3","Arena 3","Arena 3","Arena 3","Arena 3","Arena 3","3. Arena","アリーナ3","아레나 3","Арена 3","الساحة 3","Arena 3","3阶竞技场","3階競技場"
"TID_ARENA4","Arena 4","Arène 4","Arena 4","Arena 4","Arena 4","Arena 4","Arena 4","4. Arena","アリーナ4","아레나 4","Арена 4","الساحة 4","Arena 4","4阶竞技场","4階競技場"
"TID_ARENA5","Arena 5","Arène 5","Arena 5","Arena 5","Arena 5","Arena 5","Arena 5","5. Arena","アリーナ5","아레나 5","Арена 5","الساحة 5","Arena 5","5阶竞技场","5階競技場"
"TID_ARENA6","Arena 6","Arène 6","Arena 6","Arena 6","Arena 6","Arena 6","Arena 6","6. Arena","アリーナ6","아레나 6","Арена 6","الساحة 6","Arena 6","6阶竞技场","6階競技場"
"TID_AT_ARENA1","At Arena 1","à l'arène 1.","ab Arena 1","en la arena 1.","All'arena 1","bij arena 1","På arena 1","1. Arena","アリーナ1でアンロックされます","아레나 1","Откроется на арене 1","في الساحة 1","Na arena 1","在1阶竞技场解锁","在1階競技場解鎖"
"TID_BATTLE","Battle","Combattre","Kämpfen","Batalla","Battaglia","Vechten","Kamp","Savaş","バトル","전투","В бой","معركة","Batalha","对战","對戰"
"TID_BATTLE_CARDS","Battle Deck","Cartes de combat","Kampfdeck","Baraja bélica","Mazzo da battaglia","Gevechtskaarten","Kampkort","Savaş Destesi","バトルデッキ","전투 덱","Боевая колода","مجموعة المعركة","Baralho de batalha","出战卡组","出戰牌組"
"TID_BUILDING_TOMBSTONE","Tombstone","Pierre tombale","Grabstein","Lápida","Lapide","Grafsteen","Gravstein","Mezar Taşı","墓石","해골 무덤","Надгробие","شاهد القبر","Lápide","骷髅墓碑","骷髏墓碑"
"TID_BUTTON_DONATE","Donate","Donner","Spenden","Donar","Dona","Doneren","Gi bort","Bağış Yap","寄付","지원","Пожертвовать","تبرع","Doar","捐赠","捐贈"
"TID_CARDS_DONATED","Total Donations","Tous les dons","Gesamtspenden","Donaciones totales","Totale donazioni","Totale donaties","Donasjoner totalt","Toplam Bağış","これまでのカード寄付数","지원 합계","Всего отдано","إجمالي التبرعات","Total de doações","捐赠总数","捐贈總數"
"TID_CHARACTER_BABY_DRAGON","Baby Dragon","Bébé dragon","Drachenbaby","Bebé dragón","Cucciolo di drago","Babydraak","Drageunge","Yavru Ejderha","ベビードラゴン","베이비 드래곤","Маленький дракон","تنين صغير","Bebê Dragão","飞龙宝宝","飛龍寶寶"
"TID_CHEST_DESCRIPTION_BASIC","Contains <c38c9ff>gold</c> and <c38c9ff><CARD_COUNT> cards</c>.","Contient de l'<c38c9ff>or</c> et <c38c9ff><CARD_COUNT> cartes</c>.","Enthält <c38c9ff>Gold</c> und <c38c9ff><CARD_COUNT> Karten</c>.","Contiene <c38c9ff>oro</c> y <c38c9ff><CARD_COUNT> cartas</c>.","Contiene <c38c9ff>oro</c> e <c38c9ff><CARD_COUNT> carte</c>.","Bevat <c38c9ff>goud</c> en <c38c9ff><CARD_COUNT> kaarten</c>.","Inneholder <c38c9ff>gull</c> og <c38c9ff><CARD_COUNT> kort</c>.","<c38c9ff>Altın</c> ve <c38c9ff><CARD_COUNT> kart</c> içerir.","<c38c9ff>ゴールド</c>と<c38c9ff>カード<CARD_COUNT>枚入り。</c>","<c38c9ff>골드</c> 및 <c38c9ff>카드 <CARD_COUNT>장이 들어있습니다</c>.","Содержит <c38c9ff>золото</c> и <c38c9ff>карты (<CARD_COUNT> шт.)</c>.","تحتوي على <c38c9ff>الذهب</c> و<c38c9ff><CARD_COUNT>من البطاقات</c>.","Contém <c38c9ff>ouro</c> e <c38c9ff><CARD_COUNT> cartas</c>.","内含<c38c9ff>金币</c>和<c38c9ff><CARD_COUNT>张卡牌</c>。","包含<c38c9ff>金幣</c>和 <c38c9ff><CARD_COUNT> 張卡片</c>。"
"TID_CHEST_DESCRIPTION_MULTIPLE_EPICS","Contains <c38c9ff>gold</c> and <c38c9ff><CARD_COUNT> cards</c>.\nAt least <c38c9ff><EPIC_COUNT> epics</c> and <c38c9ff><RARE_COUNT> rares</c>.","Contient de l'<c38c9ff>or</c> et <c38c9ff><CARD_COUNT> cartes</c>.\nAu moins <c38c9ff><EPIC_COUNT> épiques</c> et <c38c9ff><RARE_COUNT> rares</c>.","Enthält <c38c9ff>Gold</c> und <c38c9ff><CARD_COUNT> Karten</c>.\nMindestens <c38c9ff><EPIC_COUNT> epische</c> und <c38c9ff><RARE_COUNT> seltene</c>.","Contiene <c38c9ff>oro</c> y <c38c9ff><CARD_COUNT> cartas</c>.\n(Al menos <c38c9ff><EPIC_COUNT> épicas</c> y <c38c9ff><RARE_COUNT> especiales</c>).","Contiene <c38c9ff>oro</c> e <c38c9ff><CARD_COUNT> carte</c>.\nAlmeno <c38c9ff><EPIC_COUNT> epiche</c> e <c38c9ff><RARE_COUNT> rare</c>.","Bevat <c38c9ff>goud</c> en <c38c9ff><CARD_COUNT> kaarten</c>.\nTen minste <c38c9ff><EPIC_COUNT> epische</c> en <c38c9ff><RARE_COUNT> zeldzame</c>.","Inneholder <c38c9ff>gull</c> og <c38c9ff><CARD_COUNT> kort</c>.\nMinst <c38c9ff><EPIC_COUNT> episke</c> og <c38c9ff><RARE_COUNT> sjeldne</c>.","<c38c9ff>Altın</c> ve <c38c9ff><CARD_COUNT> kart</c> içerir.\nEn az <c38c9ff><EPIC_COUNT> destansı</c> ve <c38c9ff><RARE_COUNT> ender</c>.","<c38c9ff>ゴールド</c>と<c38c9ff>カード<CARD_COUNT>枚入り。</c>\n<c38c9ff><EPIC_COUNT>枚はスーパーレア</c>、<c38c9ff><RARE_COUNT>枚はレア</c>確定。","<c38c9ff>골드</c> 및 <c38c9ff>카드 <CARD_COUNT>장이 들어있습니다</c>.\n최소한 <c38c9ff>영웅 카드 <EPIC_COUNT>장</c> 및 <c38c9ff>희귀 카드 <RARE_COUNT>장이 포함됩니다</c>.","Содержит <c38c9ff>золото</c> и <c38c9ff>карты (<CARD_COUNT> шт.)</c>.\nМинимум <c38c9ff>эпические —<EPIC_COUNT> и</c><c38c9ff>редкие — <RARE_COUNT></c>.","تحتوي على <c38c9ff>الذهب</c> و<c38c9ff><CARD_COUNT>من البطاقات</c>.\nعلى الأقل <c38c9ff><EPIC_COUNT> من البطاقات الممتازة</c> و<c38c9ff><RARE_COUNT> من البطاقات النادرة</c>.","Contém <c38c9ff>ouro</c> e <c38c9ff><CARD_COUNT> cartas</c>.\nPelo menos <c38c9ff><EPIC_COUNT> épicas</c> e <c38c9ff><RARE_COUNT> raras</c>.","内含<c38c9ff>金币</c>和<c38c9ff><CARD_COUNT>张卡牌</c>。\n至少包含<c38c9ff><EPIC_COUNT>张史诗卡牌</c>和<c38c9ff><RARE_COUNT>张稀有卡牌</c>。","包含<c38c9ff>金幣</c>和<c38c9ff><CARD_COUNT> 張卡片</c>。\n可從中獲得至少 <c38c9ff><EPIC_COUNT> 張史詩卡片</c>以及 <c38c9ff><RARE_COUNT> 張稀有卡片</c>。"
"TID_CHEST_DESCRIPTION_MULTIPLE_RARES","Contains <c38c9ff>gold</c> and <c38c9ff><CARD_COUNT> cards</c>.\nAt least <c38c9ff><RARE_COUNT> rares</c>.","Contient de l'<c38c9ff>or</c> et <c38c9ff><CARD_COUNT> cartes</c>.\nAu moins <c38c9ff><RARE_COUNT> rares</c>.","Enthält <c38c9ff>Gold</c> und <c38c9ff><CARD_COUNT> Karten</c>.\nMindestens <c38c9ff><RARE_COUNT> seltene</c>.","Contiene <c38c9ff>oro</c> y <c38c9ff><CARD_COUNT> cartas</c>.\n(Al menos <c38c9ff><RARE_COUNT> especiales</c>).","Contiene <c38c9ff>oro</c> e <c38c9ff><CARD_COUNT> carte</c>.\nAlmeno <c38c9ff><RARE_COUNT> rare</c>.","Bevat <c38c9ff>goud</c> en <c38c9ff><CARD_COUNT> kaarten</c>.\nTen minste <c38c9ff><RARE_COUNT> zeldzame</c>.","Inneholder <c38c9ff>gull</c> og <c38c9ff><CARD_COUNT> kort</c>.\nMinst <c38c9ff><RARE_COUNT> sjeldne</c>.","<c38c9ff>Altın</c> ve <c38c9ff><CARD_COUNT> kart</c> içerir.\nEn az <c38c9ff><RARE_COUNT> ender</c>.","<c38c9ff>ゴールド</c>と<c38c9ff>カード<CARD_COUNT>枚入り。</c>\n<c38c9ff><RARE_COUNT>枚はレア</c>確定。","<c38c9ff>골드</c> 및 <c38c9ff>카드 <CARD_COUNT>장이 들어있습니다</c>.\n최소한 <c38c9ff>희귀 카드가 <RARE_COUNT>장 포함됩니다</c>.","Содержит <c38c9ff>золото</c> и <c38c9ff>карты (<CARD_COUNT> шт.)</c>.\nРедких минимум <c38c9ff><RARE_COUNT></c>.","تحتوي على <c38c9ff>الذهب</c> و<c38c9ff><CARD_COUNT>من البطاقات</c>.\nعلى الأقل <c38c9ff><RARE_COUNT> من البطاقات النادرة</c>.","Contém <c38c9ff>ouro</c> e <c38c9ff><CARD_COUNT> cartas</c>.\nPelo menos <c38c9ff><RARE_COUNT> raras</c>.","内含<c38c9ff>金币</c>和<c38c9ff><CARD_COUNT>张卡牌</c>。\n至少包含<c38c9ff><RARE_COUNT>张稀有卡牌</c>。","包含<c38c9ff>金幣</c>和 <c38c9ff><CARD_COUNT> 張卡片</c>。\n可從中獲得至少 <c38c9ff><RARE_COUNT> 張稀有卡片</c>。"
"TID_CHEST_DESCRIPTION_ONE_EPIC","Contains <c38c9ff>gold</c> and <c38c9ff><CARD_COUNT> cards</c>.\nAt least <c38c9ff>1 epic</c> and <c38c9ff><RARE_COUNT> rares</c>.","Contient de l'<c38c9ff>or</c> et <c38c9ff><CARD_COUNT> cartes</c>.\nAu moins <c38c9ff>1 épique</c> et <c38c9ff><RARE_COUNT> rares</c>.","Enthält <c38c9ff>Gold</c> und <c38c9ff><CARD_COUNT> Karten</c>.\nMindestens <c38c9ff>1 epische</c> und <c38c9ff><RARE_COUNT> seltene</c>.","Contiene <c38c9ff>oro</c> y <c38c9ff><CARD_COUNT> cartas</c>.\n(Al menos <c38c9ff>1 épica</c> y <c38c9ff><RARE_COUNT> especiales</c>).","Contiene <c38c9ff>oro</c> e <c38c9ff><CARD_COUNT> carte</c>.\nAlmeno <c38c9ff>1 epica</c> e <c38c9ff><RARE_COUNT> rare</c>.","Bevat <c38c9ff>goud</c> en <c38c9ff><CARD_COUNT> kaarten</c>.\nTen minste <c38c9ff>1 epische</c> en <c38c9ff><RARE_COUNT> zeldzame</c>.","Inneholder <c38c9ff>gull</c> og <c38c9ff><CARD_COUNT> kort</c>.\nMinst <c38c9ff>1 episk</c> og <c38c9ff><RARE_COUNT> sjeldne</c>.","<c38c9ff>Altın</c> ve <c38c9ff><CARD_COUNT> kart</c> içerir.\nEn az <c38c9ff>1 destansı</c> ve <c38c9ff><RARE_COUNT> ender</c>.","<c38c9ff>ゴールド</c>と<c38c9ff>カード<CARD_COUNT>枚入り。</c>\n<c38c9ff>1枚はスーパーレア</c>、<c38c9ff><RARE_COUNT>枚はレア</c>確定。","<c38c9ff>골드</c> 및 <c38c9ff>카드 <CARD_COUNT>장이 들어있습니다</c>.\n최소한 <c38c9ff>영웅 카드 1장</c> 및 <c38c9ff>희귀 카드 <RARE_COUNT>장이 포함됩니다</c>.","Содержит <c38c9ff>золото</c> и <c38c9ff>карты (<CARD_COUNT> шт.)</c>.\nМинимум <c38c9ff>1 эпическая и</c><c38c9ff> редкие (<RARE_COUNT> шт.)</c>.","تحتوي على <c38c9ff>الذهب</c> و<c38c9ff><CARD_COUNT> من البطاقات</c>.\nعلى الأقل <c38c9ff>بطاقة ممتازة</c> و<c38c9ff><RARE_COUNT> من البطاقات النادرة</c>.","Contém <c38c9ff>ouro</c> e <c38c9ff><CARD_COUNT> cartas</c>.\nPelo menos <c38c9ff>1 épica</c> e <c38c9ff><RARE_COUNT> raras</c>.","内含<c38c9ff>金币</c>和<c38c9ff><CARD_COUNT>张卡牌</c>。\n至少包含<c38c9ff>1张史诗卡牌</c>和<c38c9ff><RARE_COUNT>张稀有卡牌</c>。","包含<c38c9ff>金幣</c>和<c38c9ff><CARD_COUNT> 張卡片</c>。\n可從中獲得至少 <c38c9ff>1 張史詩卡片</c>以及 <c38c9ff><RARE_COUNT> 張稀有卡片</c>。"
"TID_CHEST_DESCRIPTION_ONE_RARE","Contains <c38c9ff>gold</c> and <c38c9ff><CARD_COUNT> cards</c>.\nAt least <c38c9ff>1 rare</c>.","Contient de l'<c38c9ff>or</c> et <c38c9ff><CARD_COUNT> cartes</c>.\nAu moins <c38c9ff>1 rare</c>.","Enthält <c38c9ff>Gold</c> und <c38c9ff><CARD_COUNT> Karten</c>.\nMindestens <c38c9ff>1 seltene</c>.","Contiene <c38c9ff>oro</c> y <c38c9ff><CARD_COUNT> cartas</c>.\n(Al menos <c38c9ff>1 especial</c>).","Contiene <c38c9ff>oro</c> e <c38c9ff><CARD_COUNT> carte</c>.\nAlmeno <c38c9ff>1 rara</c>.","Bevat <c38c9ff>goud</c> en <c38c9ff><CARD_COUNT> kaarten</c>.\nTen minste <c38c9ff>1 zeldzame</c>.","Inneholder <c38c9ff>gull</c> og <c38c9ff><CARD_COUNT> kort</c>.\nMinst <c38c9ff>1 sjeldent</c>.","<c38c9ff>Altın</c> ve <c38c9ff><CARD_COUNT> kart</c> içerir.\nEn az <c38c9ff>1 ender</c>.","<c38c9ff>ゴールド</c>と<c38c9ff>カード<CARD_COUNT>枚入り。</c>\n<c38c9ff>1枚はレア</c>確定。","<c38c9ff>골드</c> 및 <c38c9ff>카드 <CARD_COUNT>장이 들어있습니다</c>.\n최소한 <c38c9ff>희귀 카드가 1장 포함됩니다</c>.","Содержит <c38c9ff>золото</c> и <c38c9ff>карты (<CARD_COUNT> шт.)</c>.\nМинимум <c38c9ff>1 редкая</c>.","تحتوي على <c38c9ff>الذهب</c> و<c38c9ff><CARD_COUNT>من البطاقات</c>.\nعلى الأقل <c38c9ff>بطاقة نادرة</c>.","Contém <c38c9ff>ouro</c> e <c38c9ff><CARD_COUNT> cartas</c>.\nPelo menos <c38c9ff>1 rara</c>.","内含<c38c9ff>金币</c>和<c38c9ff><CARD_COUNT>张卡牌</c>。\n至少包含<c38c9ff>1张稀有卡牌</c>。","包含<c38c9ff>金幣</c>和 <c38c9ff><CARD_COUNT> 張卡片</c>。\n可從中獲得至少 <c38c9ff>1 張稀有卡片</c>。"
"TID_DIAMOND_TOOL_TIP","<c00cc17>Gems</c> can be used to buy gold or to speed up unlocking chests.","Les <c00cc17>gemmes</c> permettent d'acheter de l'or ou d'accélérer l'ouverture des coffres.","Mit <c00cc17>Juwelen</c> kannst du Gold kaufen oder das Öffnen von Truhen beschleunigen.","Las <c00cc17>gemas</c> sirven para comprar oro y para acelerar el desbloqueo de los cofres.","Le <c00cc17>gemme</c> possono essere usate per acquistare oro o accelerare lo sblocco di bauli.","Met <c00cc17>edelstenen</c> kun je goud kopen of het ontgrendelen van kisten versnellen.","<c00cc17>Juveler</c> kan brukes til å kjøpe gull eller øke hastigheten på opplåsing av kister.","<c00cc17>Taşlar</c>, altın satın almak ya da sandıkların kilidini açmayı hızlandırmak için kullanılır.","<c00cc17>エメラルド</c>は、ゴールドの購入のほか、宝箱をすぐに開きたい時にも使用できます。","<c00cc17>보석</c>은 골드를 구매하거나 상자를 빨리 열 때에 사용합니다.","<c00cc17>Кристаллы</c> используют чтобы покупать золото и быстрее открывать сундуки.","يمكن استخدام <c00cc17>الجواهر</c> لشراء الذهب أو لزيادة سرعة فتح الصناديق.","As <c00cc17>gemas</c> podem ser usadas para comprar ouro ou acelerar a abertura de baús.","<c00cc17>宝石</c>可以用来购买金币或加速打开宝箱。","<c00cc17>寶石</c>可以用來購買金幣或是加速解鎖寶箱的進度。"
"TID_DONATE_COOLDOWN_INFO","Daily Donations\n\nValue donated: <capacity>/<maxcapacity>\nResets in: <timestamp>","Dons quotidiens\n\nValeur donnée : <capacity>/<maxcapacity>\nRéinitialisation dans : <timestamp>","Tägliche Spenden\n\nGespendeter Wert: <capacity>/<maxcapacity>\nWird zurückgesetzt in: <timestamp>","Donaciones diarias\n\nValor donado: <capacity>/<maxcapacity>\nSe restablece en <timestamp>.","Donazioni giornaliere\n\nValore donato: <capacity>/<maxcapacity>\nSi azzera tra: <timestamp>","Dagelijkse donaties\n\nGedoneerde waarde: <capacity>/<maxcapacity>\nReset over: <timestamp>","Daglige donasjoner\n\nVerdi gitt bort: <capacity>/<maxcapacity>\nNullstilles om: <timestamp>","Günlük Bağışlar\n\nBağışlanan değer: <capacity>/<maxcapacity>\nSıfırlanmasına: <timestamp>","本日の寄付\n\n寄付数：<capacity>/<maxcapacity>\nリセットまで：<timestamp>","일일 지원\n\n지원한 값: <capacity>/<maxcapacity>\n초기화까지: <timestamp>","Ежедневная помощь\n\nКоличество пожертвований: <capacity>/<maxcapacity>\nСброс через: <timestamp>","التبرعات اليومية\n\nالقيمة المتبرع بها: <capacity>/<maxcapacity>\nإعادة التعيين خلال: <timestamp>","Doações diárias\n\nValor doado: <capacity>/<maxcapacity>\nReinicia em: <timestamp>.","每日捐赠数量\n\n捐赠价值：<capacity>/<maxcapacity>\n重置倒计时：<timestamp>","每日捐贈\n\n已捐贈：<capacity>/<maxcapacity>\n重置倒計時：<timestamp>"
"TID_DONATE_ERROR_CANNOT_DONATE_ANYTHING","You can only donate <amount> cards","Vous pouvez donner <amount> cartes seulement.","Du kannst nur <amount> Karten spenden.","Solo puedes donar <amount> cartas.","Puoi donare solo <amount> carte","Je kunt maar <amount> kaarten doneren","Du kan bare gi bort <amount> kort","Yalnızca <amount> kart bağışlayabilirsin","寄付できるカードは<amount>枚までです","카드는 <amount>장만 지원 가능합니다.","Ты можешь пожертвовать не больше (<amount>) карт","يمكنك التبرع بـ <amount> من البطاقات فقط","Você só pode doar <amount> cartas.","您只能捐赠<amount>张卡牌","您只能捐贈<amount>張卡牌"
"TID_DONATE_ERROR_CANNOT_DONATE_ANYTHING_SINGLE","You can only donate 1 card","Vous pouvez donner 1 carte seulement.","Du kannst nur 1 Karte spenden.","Solo puedes donar 1 carta.","Puoi donare solo 1 carta","Je kunt maar 1 kaart doneren","Du kan bare gi bort 1 kort","Yalnızca 1 kart bağışlayabilirsin","寄付できるカードは1枚だけです","카드는 1장만 지원 가능합니다.","Ты можешь пожертвовать 1 карту","يمكنك التبرع ببطاقة واحدة فقط","Você só pode doar 1 carta.","您只能捐赠1张卡牌","你只能捐贈 1 張卡片"
"TID_DONATE_ERROR_CANNOT_DONATE_YOURSELF","You cannot donate to yourself","Vous ne pouvez pas faire de don à vous-même.","Du kannst nicht an dich selbst spenden.","No puedes donarte cartas a ti.","Non puoi donare a te stesso","Je kunt niet aan jezelf doneren","Du kan ikke gi bort til deg selv","Kendine bağış yapamazsın","自分には寄付できません","자기 자신에게 지원할 수 없습니다.","Нельзя жертвовать себе же","لا يمكنك التبرع لنفسك","Você não pode doar para si mesmo.","您无法向自己捐赠","您無法向自己捐贈卡牌"
"TID_DONATE_ERROR_COOLDOWN","Your daily donation limit has been reached","Vous avez atteint la limite quotidienne de dons.","Dein tägliches Spendenlimit wurde erreicht.","Has alcanzado el límite diario de donación.","Hai raggiunto il limite giornaliero di donazioni","Je dagelijkse donatielimiet is bereikt","Du har nådd den daglige donasjonsgrensen","Günlük bağış limitini doldurdun","1日の寄付数の上限に達しました","일일 지원 한도에 도달했습니다.","Превышен лимит ежедневной помощи","وصلت إلى حدود التبرع اليومي الخاصة بك","Seu limite diário de doações foi atingido.","您已达到每日捐赠上限","您已達到每日捐贈上限"
"TID_DONATE_ERROR_JOIN_COOLDOWN","New members have limited donations","Les nouveaux membres ont un nombre de dons limité.","Neue Mitglieder können nur begrenzt spenden.","Los miembros nuevos tienen un límite de donación.","I nuovi membri hanno un limite alle donazioni","Nieuwe leden beschikken over beperkte donaties","Nye medlemmer har begrenset med donasjoner","Yeni üyelerin bağışları sınırlıdır","新メンバーは寄付できる枚数が制限されます","신규 클랜원에게는 지원 한도가 적용됩니다.","Помощь от новых игроков ограничена","الأعضاء الجدد لهم تبرعات محدودة","Novos membros têm doações limitadas.","新成员暂时不能捐赠卡牌","新成員可捐贈的卡牌有限"
"TID_DONATE_ERROR_NOT_ENOUGH_DAILY_CAPACITY","Your daily donation limit allows only commons","Votre limite quotidienne de dons n'autorise que les cartes communes.","Dein tägliches Spendenlimit erlaubt nur gewöhnliche Karten.","Solo puedes donar cartas comunes.","Il tuo limite giornaliero di donazioni permette solo comuni","Je dagelijkse donatielimiet staat alleen gewone kaarten toe","Den daglige donasjonsgrensen din tillater bare vanlige kort","Günlük bağış limitin yalnızca sıradan kartlara izin veriyor","1日の寄付数の制限によりノーマルしか選べません","일일 지원은 일반 카드만 가능합니다.","Ежедневный лимит помощи позволяет жертвовать только обычные","حدود التبرع اليومي الخاصة بك تسمح بالبطاقات العادية فقط","Seu limite diário de doações permite apenas cartas comuns.","您的每日捐赠仅允许普通卡牌","您的每日捐贈僅限普通卡"
"TID_DONATION_COOLDOWN","Donation cooldown:","Délai d'attente :","Spendenabklingzeit:","Tiempo de espera:","Ricarica donazioni:","Afkoeltijd donatie:","Ventetid før neste donasjon:","Bağış bekleme süresi:","寄付可能な間隔：","지원 대기 시간:","Время перезарядки пожертвований:","فترة هدوء التبرع:","Tempo de espera de doação:","捐赠冷却：","捐贈冷卻："
"TID_DONATIONS","Donations/week:","Dons/semaine :","Spenden/Woche:","Donaciones/semana","Donazioni/settimana:","Donaties/week:","Donasjoner/uke:","Bağış/hafta:","寄付数/週：","주당 지원량","Пожертвования/неделю","التبرعات/الأسبوع","Doações/semana:","每周捐赠数量：","每週捐贈："
"TID_DONATIONS_WEEK","Donations/Week","Dons/semaine","Spenden/Woche","Donaciones/semana","Donazioni/settimana","Donaties/week","Donasjoner/uke","Bağış/Hafta","寄付数/週","주당 지원 내역","Помощь/неделя","التبرعات/الأسبوع","Doações/semana","每周捐赠数量","每週捐贈數量"
"TID_ENTER_LINK_CODE_TITLE","Enter Link Code","Saisie du code d'association","Verbindungscode eingeben","Introducir código de enlace","Inserisci codice di collegamento","Voer koppelcode in","Skriv inn tilknyttingskoden","Bağlantı Kodunu gir","関連づけコードを入力","연동 코드 입력","Введи код привязки","أدخل رمز الربط","Inserir código de vinculação","输入关联代码","輸入關聯代碼"
"TID_GOLD","Gold","OR","Gold","ORO","Oro","GOUD","GULL","Altın","ゴールド","골드","Золото","ذهب","OURO","金币","金幣"
"TID_GOLD_CAP_FULL","Gold maximum is 500 000!","Or maximum : 500 000 !","Die maximale Goldmenge ist 500.000!","La cantidad máxima de oro es de 500 000 unidades.","Il massimo dell'oro è 500.000!","De goudlimiet bedraagt 500.000!","Maksimalt antall gull er 500 000!","Maksimum Altın 500.000'dir!","最大ゴールドは500,000です！","골드 소지 한도는 500,000입니다!","Невозможно приобрести более 500 000 золота!","الحد الأقصى للذهب هو 500000!","O máximo de ouro é 500.000!","金币最大储量为500000！","金幣上限為 500,000！"
"TID_HINT_BATTLE_PRO1","Lure troops to your side of the Arena to engage them with your Crown Towers.","Attirez les combattants de votre côté de l'arène pour les attaquer avec vos tours couronnées.","Locke Einheiten auf deine Seite der Arena, um sie mit deinen Kronentürmen zu bekämpfen.","Atrae a las tropas enemigas hasta tu lado de la arena para atacarlas con las torres de coronas.","Attira le truppe sul tuo lato dell'arena per attaccarle con le tue torri della corona.","Lok eenheden naar jouw kant van de arena om ze met jouw kroontorens aan te vallen.","Lokk tropper til din side av arenaen og angrip dem med kronetårnene dine.","Taç Kulelerinle meşgul etmek için birlikleri Arenanın kendi tarafına çek.","ユニットをアリーナの自陣側まで引きつけて\nクラウンタワーで迎え撃ちましょう。","적들을 자신의 아레나 쪽으로 유도해 크라운 타워로 공격하세요.","Перемани войска на свою половину арены, чтобы за дело взялись королевские башни.","أغوِ القوات للانضمام إلى جانبك في الساحة لإشراكهم في أبراج التاج الخاصة بك.","Atraia as tropas para o seu lado da arena para atacá-las com as suas Torres da Coroa.","将敌军部队引诱到竞技场的己方一侧，然后用皇家塔对付他们。","將對方的部隊引誘到你的那一側，並讓你的皇家塔來對付他們。"
"TID_HINT_BATTLE_PRO3","X-Bows and Mortars can directly damage your opponent's Crown Towers if positioned near the middle.","Les arcs-X et le mortier peuvent infliger des dégâts directs aux tours couronnées de votre adversaire s'ils sont positionnés près du centre de l'arène.","X-Bogen und Minenwerfer können gegnerischen Kronentürmen direkt schaden, wenn sie nahe der Mitte positioniert werden.","Las ballestas y los morteros pueden dañar directamente las torres de coronas enemigas si los colocas cerca del centro de la arena.","Archi-X e mortai possono danneggiare direttamente le torri della corona del tuo avversario se posizionati vicino al centro.","X-bogen en mortieren kunnen rechtstreeks schade toebrengen aan de kroontorens van je tegenstander als je ze in het midden plaatst.","X-buer og mortere kan skade motstanderens kronetårn direkte hvis de plasseres nær midten.","X-Yayı ve Havanlar ortaya yakınsa doğrudan rakibinin Taç Kulelerine hasar verir.","巨大クロスボウや迫撃砲は、中央付近に\n配置すると対戦相手のクラウンタワーを\n直接攻撃できます。","대형 석궁이나 박격포는 중간 지점에 배치하면 상대방의 크라운 타워를 직접 공격할 수 있습니다.","Арбалеты и мортиры могут навредить королевским башням, если поставить их в середине.","يمكن للأقواس ومدافع الهاون التسبب في ضرر مباشر على أبراج التاج الخاصة بخصمك إن تم وضعها قرب الوسط.","As X-Bestas e os Morteiros podem danificar diretamente as Torres da Coroa do adversário se forem posicionados perto do centro.","将x连弩和迫击炮部署在中部时，它们可以直接对敌军的皇家塔造成伤害。","如果將X連弩和迫擊砲設置在中央，可以直接對敵人的皇家塔造成傷害。"
"TID_HINT_CHEST_BASICS1","Rarer chests contain more cards and Gold.","Les coffres plus rares contiennent davantage de cartes et d'or.","Seltenere Truhen enthalten mehr Karten und Gold.","Los cofres especiales contienen más cartas y oro.","I bauli più rari contengono più carte e oro.","Zeldzamere kisten bevatten meer kaarten en goud.","Sjeldne kister inneholder flere kort og mer gull.","Daha ender sandıklar daha fazla kart ve Altın içerir.","レア度の高いチェストほど、カードやゴールドが\nたくさん入っています。","더 희귀한 상자에는 보다 많은 카드와 골드가 들어있습니다.","В редких сундуках больше карт и золота.","تحتوي الصناديق النادرة على المزيد من البطاقات والذهب.","Baús mais raros contêm mais cartas e ouro.","宝箱越稀有，里面的卡牌和金币就越多。","寶箱的品質越稀有，就會包含越多的卡片與金幣。"
"TID_HINT_CHEST_BASICS2","Higher Arena chests contain more cards and Gold.","Les coffres des meilleures arènes contiennent davantage de cartes et d'or.","Truhen aus höheren Arenen enthalten mehr Karten und Gold.","Los cofres de las arenas superiores contienen más cartas y oro.","I bauli dell'arena di livello più alto contengono più carte e oro.","Kisten van hogere arena's bevatten meer kaarten en goud.","Kister i høyere arenaer inneholder flere kort og mer gull.","Daha yüksek Arena sandıkları daha fazla kart ve Altın içerir.","アリーナレベルの高いチェストほど\nカードやゴールドがたくさん入っています。","상위 아레나 상자에는 보다 많은 카드와 골드가 들어있습니다.","В сундуках более сложных арен больше карт и золота.","تحتوي صناديق الساحة الأعلى على المزيد من البطاقات والذهب.","Baús de arena superiores contêm mais cartas e ouro.","等级越高的竞技场，给予的宝箱所包含的卡牌和金币就越多。","你可以從越高檔的鬥技場寶箱中獲得更多的卡片與金幣。"
"TID_HINT_DEPLOY_AREA","You can deploy on your opponent's side of the Arena after destroying one of their Crown Towers.","Vous pouvez déployer des troupes du côté de l'arène attribué à votre adversaire après avoir détruit l'une de ses tours couronnées.","Du kannst Einheiten auf der gegnerischen Arenaseite entsenden, nachdem du einen der Kronentürme zerstört hast.","Podrás desplegar unidades en el lado del rival después de destruir una de sus torres de coronas.","Nell'arena puoi schierare sul lato del tuo avversario dopo aver distrutto una delle sue torri della corona.","Je kunt eenheden inzetten aan de arenakant van de tegenstander nadat je een van de kroontorens hebt vernietigd.","Du kan utplassere på den andre siden av arenaen når du har ødelagt en av motstanderens kronetårn.","Rakibin Taç Kulelerinden birini yok ettikten sonra Arenasına mevzilendirme yapabilirsin.","クラウンタワーを1つでも壊すと、ユニットを\n敵陣側に直接投入できるようになります。","상대의 크라운 타워 중 하나를 파괴하면 상대방 쪽 아레나에도 유닛을 배치할 수 있습니다.","После уничтожения одной из королевских башен ты сможешь вводить войска на вражеской части арены.","يمكنك النشر على جانب خصومك في الساحة بعد تدمير أحد أبراج التاج الخاصة بهم.","Você pode mobilizar recursos no lado da arena do seu adversário depois de destruir uma das Torres da Coroa dele.","摧毁敌军的皇家塔后，您就可以在竞技场的对手方向部署部队。","你可以在破壞對方的任一座皇家塔後，在對方的領域進行部署。"
"TID_HINT_DIRECT_DAMAGE","Damage spells like the Fireball deal half damage to Crown Towers.","Les sorts d'attaque comme la boule de feu infligent deux fois moins de dégâts aux tours couronnées.","Schadenzauber (wie der Feuerball) fügen Kronentürmen halben Schaden zu.","Los hechizos que infligen daño, como la bola de fuego, causan la mitad de estragos en las torres de coronas.","Gli incantesimi di danno come la Sfera infuocata infliggono la metà del danno alle torri della corona.","Schadespreuken zoals de vuurbalspreuk veroorzaken half zo veel schade aan kroontorens.","Skadeformler, slik som ildkulen, påfører kronetårnene halv skade.","Alev Topu gibi hasar büyüleri Taç Kulelerine yarı oranda hasar verir.","ファイアボールなどのダメージ呪文は\nクラウンタワーには半分のダメージしか\n与えられません。","파이어 볼과 같은 공격 마법은 크라운 타워에 절반의 피해만 줍니다.","Заклинания, вроде огненного шара, наносят только половину урона королевской башне.","تعويذات الضرر مثل الكرات النارية تسبب نصف الضرر لأبراج التاج.","Feitiços de dano como a bola de fogo causam a metade do dano a Torres da Coroa.","火球等伤害法术对皇家塔的伤害只有一半大小。","傷害型法術如火球，對皇家塔僅能造成原本一半的傷害。"
"TID_HINT_DONATE_REWARDS","Donating cards to your Clan gives experience and Gold, and makes you feel all warm and fuzzy inside.","Le don de cartes à votre clan vous rapporte de l'expérience et de l'or, et vous emplit de joie et de chaleur.","Wenn du deinem Clan Karten spendest, bekommst du Erfahrung und Gold - und kannst dich richtig gut fühlen.","Al donar cartas a tu clan conseguirás experiencia y oro, además de un sentimiento de bienestar interior.","Donare carte al tuo clan procura esperienza e oro. Inoltre ti fa sentire incredibilmente generoso.","Als je kaarten doneert aan je clan krijg je ervaring en goud. Bovendien geeft het je een warm en goed gevoel.","Når du gir bort kort til klanen din, får du erfaring og gull, og du føler deg varm og lykkelig etterpå.","Klanına kart bağışlayarak deneyim ve Altın kazanır, kendini iyi hissedersin.","クランにカードを寄付すると、経験値と\nゴールドをもらえます。人助けにもなって\n心がほっこりしますよ！","카드를 클랜에 지원하면 경험치와 골드를 받습니다. 덤으로 마음까지 따뜻해집니다.","Пожертвование карт соклановцам дает золото и опыт, а еще от этого становится теплее внутри.","التبرع بالبطاقات لقبيلتك يمنح الخبرة والذهب، ويشعرك بالدفء والسعادة في داخلك.","Doar cartas ao seu clã dá experiência e ouro e faz você se sentir a melhor pessoa do mundo.","向部落捐赠卡牌不仅可以让您获得经验值和金币，还能让您在部落内更受欢迎。","送出增援卡片給你的部落夥伴可以獲得經驗值和金幣，也會讓你的內心有溫暖充實的感覺。"
"TID_HINT_EXP_LEVEL1","Your experience level indicates the strength of your King and Crown Towers.","Votre niveau d'expérience indique la force de votre tour du roi et de vos tours couronnées.","Dein Erfahrungslevel zeigt die Stärke deines Königs und deiner Kronentürme an.","Tu nivel de experiencia indica la fuerza de tu rey y tus torres de coronas.","Il tuo livello di esperienza indica la forza del tuo re e delle tue torri della corona.","Je ervaringslevel weerspiegelt de kracht van je koning en koningstorens.","Erfaringsnivået indikerer styrken til kongetårnet og kronetårnene dine.","Deneyim seviyen Kral ve Taç Kulelerinin gücünü belirler.","経験値レベルはキングとクラウンタワーの\n強さを表します。","경험치 레벨은 왕과 크라운 타워의 강력함을 보여주는 수치입니다.","Уровень опыта показывает, насколько силен твой король и башня.","مستوى الخبرة لديك يشير إلى قوة أبراج الملك والتاج الخاصة بك.","Seu nível de experiência indica a força do seu rei e de suas torres.","您的经验等级表明了您的国王和皇家塔的战斗力。","你的經驗值等級會反映在國王塔和皇家塔的強度上。"
"TID_HINT_KING_ACTIVATION","The King only joins the fight after taking damage or losing a Crown Tower.","Le roi rejoint le combat seulement après avoir subi des dégâts ou perdu une tour couronnée.","Der König greift erst in den Kampf ein, wenn er Schaden erlitten hat oder ein Kronenturm verloren wurde.","El rey solo participa en la batalla cuando ha sufrido daño o tras perder una torre de coronas.","Il re si unisce al combattimento solo dopo aver subito danno o aver perso una torre della corona.","De koning stort zich pas in de strijd nadat hij schade heeft opgelopen of een kroontoren is kwijtgeraakt.","Kongen blir bare med i kampen når han er blitt påført skade eller har mistet et kronetårn.","Kral yalnızca hasar aldıktan ya da bir Taç Kulesini kaybettikten sonra savaşa katılır.","キングは自分がダメージを受けるか\nクラウンタワーを1つ失わないかぎり\n戦闘に参加しません。","왕은 크라운 타워가 공격을 받거나 무너진 경우에만 전투에 참가합니다.","Король вступает в бой только после потери или повреждения королевской башни.","لا ينضم الملك للقتال إلا بعد تلقي الضرر أو بعد فقدان برج تاج.","O rei só entra na luta depois de sofrer dano ou perder uma Torre da Coroa.","国王只有在受到伤害或丢失皇家塔后才会加入战斗。","國王只會在受到傷害或喪失一座皇家塔時，才會加入戰鬥。"
"TID_HINT_KING_DAUGHTERS","The Princesses protect the King from atop their Crown Towers.","Du sommet de leurs tours couronnées, les princesses protègent le roi.","Die Prinzessinnen schützen den König von ihren Kronentürmen aus.","Las princesas protegen al rey desde la parte superior de sus torres de coronas.","Le principesse proteggono il re dall'alto delle loro torri della corona.","De prinsessen beschermen de koning vanaf de top van hun kroontorens.","Prinsessene beskytter kongen fra toppen av kronetårnene sine.","Prensesler, Kralı Taç Kulelerinin üstünden korur.","プリンセスたちはクラウンタワーの上で\n王を守っています。","프린세스들은 각자의 크라운 타워에서 왕을 보호합니다.","Принцессы защищают короля со своих башен.","الأميرة تحمي الملك من فوق أبراج التاج.","As princesas protegem o Rei de cima das suas Torres da Coroa.","公主们会从皇家塔保护国王。","公主會在皇家塔上保護國王。"
"TID_HINT_WINNING_CONDITION1","Destroy more Crown Towers than your opponent to win!","Détruisez plus de tours couronnées que votre adversaire pour gagner !","Zerstöre mehr Kronentürme als dein Gegner, um zu gewinnen!","Para ganar, destruye más torres de coronas que tu rival.","Distruggi più torri della corona del tuo avversario per vincere!","Vernietig meer kroontorens dan je tegenstander om te winnen!","Ødelegg flere kronetårn enn motstanderen for å vinne!","Kazanmak için rakibinden fazla Taç Kulesi yok et!","相手より多くのクラウンタワーを壊せば\nあなたの勝利です！","상대방보다 많은 크라운 타워를 부수면 승리합니다!","Ты победишь, если уничтожишь больше королевских башен, чем противник!","دمّر أبراج تاج أكثر من خصمك لتحقيق الفوز!","Destrua mais Torres da Coroa do que seu adversário para vencer!","摧毁的皇家塔比对手更多即可获胜！","比對手摧毀更多皇家塔就能獲得勝利！"
"TID_INFO_ARENA2","Bone Pit","Fosse aux os","Knochengrube","Foso de huesos","Pozzo delle ossa","Knekelveld","Beingropen","Kemik Çukuru","ボーンピット","해골 구덩이","Костяная яма","حفرة العظام","Fosso dos Ossos","埋骨深渊","埋骨深淵"
"TID_INFO_ARENA3","Barbarian Bowl","Arène des barbares","Barbarenoval","Coliseo bárbaro","Arena dei barbari","Barbaars bekken","Barbar-arenaen","Barbar Çanağı","バーバリアンボウル","바바리안 경기장","Варварская арена","وعاء البربري","Torneio Bárbaro","野蛮人擂台","野蠻人擂臺"
"TID_INFO_ARENA4","P.E.K.K.A's Playhouse","Parc P.E.K.K.Aland","P.E.K.K.A.s Spielplatz","Fuerte del P.E.K.K.A.","Casa dei giochi di P.E.K.K.A","P.E.K.K.A.-speeltuin","P.E.K.K.As lekehus","P.E.K.K.A'nın Oyun Evi","P.E.K.K.Aシアター","P.E.K.K.A의 놀이터","Игровой домик П.Е.К.К.А.","مسرح بيكا","Parquinho da P.E.K.K.A","皮卡超人乐园","皮卡超人樂園"
"TID_INFO_ARENA5","Spell Valley","Vallée des sorts","Zaubertal","Valle de hechizos","Valle degli incantesimi","Spreukenvallei","Formeldalen","Büyü Vadisi","呪文の谷","마법 계곡","Долина чар","وادي التعويذة","Vale dos Feitiços","法术幽谷","法術幽谷"
"TID_MAX_LEVEL_EXTRA_GOLD_PROGRESS_BAR","Extra Gold +<VALUE>","Or supplémentaire +<VALUE>","Extragold +<VALUE>","+<VALUE> de oro extra","Oro extra +<VALUE>","Extra goud +<VALUE>","Ekstra gull +<VALUE>","Ekstra Altın +<VALUE>","追加ゴールド+<VALUE>","추가 골드 + <VALUE>","Доп. золото +<VALUE>","ذهب إضافي +<VALUE>","Ouro extra +<VALUE>","额外金币+<VALUE>","額外金幣 + <VALUE>"
"TID_MEMBER_DONATED","Donated","Donations","Gespendet","Donado:","Donato","Gedoneerd","Donert","Bağışlanan","寄付","지원","Пожертвов.","مُتبرع","Doado","已捐赠","已捐贈"
"TID_NEW_ARENA","Your new Arena","Votre nouvelle arène","Deine neue Arena","¡Tu nueva arena!","La tua nuova arena","Je nieuwe arena","Din nye arena","Yeni Arenan","新アリーナ：","신규 아레나","Твоя новая арена","ساحتك الجديدة","Sua nova arena","您的新竞技场","您的新競技場"
"TID_NOT_ENOUGH_GOLD","You do not have enough gold!","Vous n'avez pas assez d'or !","Du hast nicht genug Gold!","¡Necesitas más oro!","Non hai abbastanza oro!","Je hebt niet genoeg goud!","Du har ikke nok gull!","Yeteri kadar altının yok!","ゴールドが足りません","골드가 부족합니다!","Нужно больше золота!","ليس لديك ذهب كاف!","Seu estoque de ouro é insuficiente!","您的金币不足！","你的金幣不足！"
"TID_NOT_ENOUGH_RESOURCES","You don't have enough gold!","Vous n'avez pas assez d'or !","Du hast nicht genug Gold!","¡Necesitas más oro!","Non hai abbastanza oro!","Je hebt niet genoeg goud!","Du har ikke nok gull!","Yeterli altının yok!","ゴールドが足りません","골드가 부족합니다!","Нужно больше золота!","ليس لديك ذهب كاف!","Seu estoque de ouro é insuficiente!","您的金币不足！","你的金幣不足！"
"TID_NOT_ENOUGH_RESOURCES_TEXT","Buy missing gold?","Acheter l'or manquant ?","Fehlendes Gold kaufen?","¿Quieres comprar más?","Vuoi acquistare l'oro che ti manca?","Het ontbrekende goud kopen?","Vil du kjøpe det gullet du mangler?","Eksik altın satın alınsın mı?","足りないゴールドを購入しますか？","부족한 골드를 구입하시겠습니까?","Докупить золото?","هل تريد شراء الذهب الناقص؟","Comprar o que falta de ouro?","要购买缺少的金币吗？","購買缺少的金幣？"
"TID_NOT_ENOUGH_RESOURCES_TEXT_MATCHMAKING","Buy <GOLD> gold and enter battle?","Acheter <GOLD> pièces d'or et engager le combat ?","<GOLD> Gold kaufen und kämpfen?","¿Quieres comprar <GOLD> de oro y participar en la batalla?","Acquistare <GOLD> oro ed entrare in battaglia?","<GOLD> goud kopen en gevecht starten?","Vil du kjøpe <GOLD> gull og gå i kamp?","<GOLD> altın satın alıp savaşa girmek ister misin?","<GOLD>ゴールドを購入してバトルに参加しますか？","<GOLD> 골드를 구입하고 전투를 시작하시겠습니까?","Купить <GOLD> золота и начать бой?","هل تريد شراء <GOLD> من الذهب ودخول المعركة؟","Comprar <GOLD> unidades de ouro e entrar na batalha?","购买<GOLD>金币并开始对战？","購買 <GOLD> 金幣並加入戰鬥？"
"TID_NOT_ENOUGH_RESOURCES_TEXT_ROUNDED_UP","Buy <GOLD> gold?","Acheter <GOLD> pièces d'or ?","<GOLD> Gold kaufen?","¿Quieres comprar <GOLD> de oro?","Acquistare <GOLD> oro?","<GOLD> goud kopen?","Vil du kjøpe <GOLD> gull?","<GOLD> altın satın almak ister misin?","<GOLD>ゴールドを購入しますか？","<GOLD> 골드를 구입하시겠습니까?","Купить <GOLD> золота?","هل تريد شراء <GOLD> من الذهب؟","Comprar <GOLD> unidades de ouro?","购买<GOLD>金币？","購買 <GOLD> 金幣？"
"TID_NOT_ENOUGH_RESOURCES_TITLE","Not enough gold!","Pas assez d'or !","Nicht genug Gold!","Oro insuficiente","Oro insufficiente!","Niet genoeg goud!","Ikke nok gull!","Yeterli altın yok!","ゴールドが足りません","골드가 부족합니다!","Нужно больше золота!","لا يوجد ذهب كاف!","Ouro insuficiente!","金币不够！","金幣不足！"
"TID_RESOURCE_PACK_GOLD_BIG","Wagon of Gold","Charrette d'or","Karre Gold","Vagón de oro","Vagone d'oro","Karrenvracht goud","Vogn med gull","Altın Vagonu","ゴールドの荷車","골드 수레","Тележка золота","عربة ذهب","Carrinho de ouro","一小车金币","一車金幣"
"TID_RESOURCE_PACK_GOLD_MEDIUM","Bucket of Gold","Seau d'or","Eimer Gold","Cubo de oro","Secchio d'oro","Emmer goud","Bøtte med gull","Altın Kovası","ゴールドの桶","골드 바구니","Короб золота","دلو ذهب","Balde de ouro","一桶金币","一桶金幣"
"TID_RESOURCE_PACK_GOLD_SMALL","Pouch of Gold","Sac d'or","Beutel Gold","Bolsa de oro","Borsa d'oro","Buidel goud","Pose med gull","Altın Kesesi","ゴールドの袋","골드 주머니","Кошель золота","حقيبة ذهب","Bolsa de ouro","一小袋金币","一包金幣"
"TID_SPELL_ATTRIBUTE_TOWER_DAMAGE","Crown Tower Damage","Dégâts Tour couronnée","Kronenturm-Schaden","Daño a torres de coronas","Danno torri della corona","Schade kroontoren","Kronetårnskade","Taç Kulesi Hasarı","クラウンタワーダメージ","크라운 타워 피해량","Урон королевской башне","ضرر برج التاج","Dano à Torre da Coroa","皇家塔伤害","皇家塔傷害"
"TID_SPELL_BABY_DRAGON","Baby Dragon","Bébé dragon","Drachenbaby","Bebé dragón","Cucciolo di drago","Babydraak","Drageunge","Yavru Ejderha","ベビードラゴン","베이비 드래곤","Маленький дракон","تنين صغير","Bebê Dragão","飞龙宝宝","飛龍寶寶"
"TID_SPELL_INFO_ROCKET","Deals high damage to a small area. Looks really awesome doing it. Reduced damage to Crown Towers.","Inflige d'importants dégâts sur une petite zone. Et avec une classe inégalée. Dégâts réduits sur les tours couronnées.","Verursacht großen Schaden in einem kleinen Bereich - und sieht einfach toll dabei aus! Reduzierter Schaden gegen Kronentürme.","Inflige un gran daño en un área reducida. Mola mucho verlo en acción, pero es menos efectivo contra las torres de coronas.","Infligge danno elevato a un'area di piccole dimensioni. E lo fa in maniera spettacolare. Danno ridotto alle torri della corona.","Veroorzaakt veel schade op een klein gebied. Een visueel spektakel. Kroontorens lopen minder schade op.","Påfører stor skade på et lite område, og det ser knalltøft ut mens det pågår. Mindre skade på kronetårn.","Küçük bir alana yüksek hasar verir. Bunu yaparken süper görünür. Taç Kulelerine daha az hasar verir.","小範囲に大ダメージを与えます。見ているだけで壮観ですよ！\nただし、クラウンタワーに対してはダメージが減少します。","좁은 영역에 큰 피해를 줍니다. 터지는 모습이 아주 볼만하지요. 크라운 타워에는 비교적 적은 피해를 줍니다.","Наносит большой урон по небольшой зоне. И это выглядит мега-круто. Повреждение королевской башни снижено.","تسبب ضررًا كبيرًا في منطقة صغيرة. ويبدو رائعًا أثناء القيام بذلك. ضرر منخفض لأبراج التاج.","Causa dano severo em uma área pequena. E de uma forma bem impressionante. Dano reduzido à Torre da Coroa.","对小范围造成高伤害，过程看起来非常吓人。对皇家塔的伤害有所降低。","在小範圍內造成大量傷害，火燒起來的樣子只有「賞心悅目」四個字可以形容，但對皇家塔的傷害較低。"
"TID_SPELL_MINION_HORDE","Minion Horde","Horde de gargouilles","Lakaienhorde","Horda de esbirros","Orda di sgherri","Horde gunstelingen","Lakeihorde","Minyon sürüsü","ガーゴイルの群れ","미니언 패거리","Орда миньонов","حشد المينيون","Horda de Servos","亡灵大军","亡靈大軍"
"TID_SPELL_TOMBSTONE","Tombstone","Pierre tombale","Grabstein","Lápida","Lapide","Grafsteen","Gravstein","Mezar Taşı","墓石","해골 무덤","Надгробие","شاهد القبر","Lápide","骷髅墓碑","骷髏墓碑"
"TID_UPGRADE_NOT_ENOUGH_GOLD","Not enough gold!","Pas assez d'or !","Nicht genug Gold!","Oro insuficiente","Oro insufficiente!","Niet genoeg goud!","Ikke nok gull!","Yeterli altın yok!","ゴールドが足りません","골드가 부족합니다!","Нужно больше золота!","لا يوجد ذهب كاف!","Ouro insuficiente!","金币不够！","金幣不足！"
"TID_YOUR_GOLD","Your gold:","Votre or :","Dein Gold:","Tu oro:","Il tuo oro:","Jouw goud:","Ditt gull:","Altının:","あなたのゴールド：","내 골드","Твое золото:","الذهب الخاص بك:","Seu ouro:","您的金币：","你的金幣："
"TID_HINT_TOMBSTONE","The Tombstone releases a group of Skeletons when destroyed.","La pierre tombale libère un groupe de squelettes quand elle est détruite.","Der Grabstein setzt eine Gruppe Skelette frei, wenn er zerstört wird.","La lápida libera un grupo de esqueletos al ser destruida.","La lapide genera un gruppo di scheletri quando viene distrutta.","De grafsteen spuugt een groep skeletten uit als deze wordt vernietigd.","Gravsteinen slipper ut en gruppe skjeletter når den ødelegges.","Mezar Taşı yok edildiğinde bir grup İskelet çıkarır.","墓石が破壊されると、\nスケルトンの群れが発生します。","해골 무덤은 파괴되면 해골 병사를 풀어놓습니다.","Надгробие выпускает группу скелетов, если его уничтожить.","شواهد القبور تطلق مجموعة من الهياكل العظمية عند تدميرها.","A Lápide libera um grupo de esqueletos quando é destruída.","骷髅墓碑被摧毁后会放出一群骷髅兵。","骷髏墓碑遭到摧毀時，將會釋出一群骷髏兵。"
"TID_HINT_TOWER_TARGETING","All Crown Towers target both ground and air troops.","Toutes les tours couronnées ciblent à la fois les combattants terrestres et aériens.","Alle Kronentürme nehmen Boden- und Lufteinheiten ins Visier.","Las torres de coronas atacan a tropas tanto aéreas como terrestres.","Tutte le torri della corona bersagliano sia le unità di terra, sia quelle volanti.","Alle kroontorens vallen zowel grond- als luchteenheden aan.","Kronetårn angriper mål både på bakken og i lufta.","Tüm Taç Kuleleri hem kara hem de hava birimlerini hedef alabilir.","クラウンタワーは、地上の敵も\n空中の敵も攻撃できます。","크라운 타워는 지상 및 공중 모두를 공격할 수 있습니다.","Все королевские башни стреляют по наземным и воздушным мишеням.","كل أبراج التاج تستهدف القوات الأرضية والجوية.","Todas as Torres da Coroa podem atingir unidades terrestres e aéreas.","所有的皇家塔都可以兼顾陆空目标。","皇家塔可瞄準地面和空中的部隊。"
"TID_SPELL_INFO_ARROWS","Arrows pepper a large area, damaging everyone hit. Reduced damage to Crown Towers.","Arrose de flèches une large zone, infligeant des dégâts à tous les combattants touchés. Dégâts réduits sur les tours couronnées.","Pfeile spicken einen großen Bereich und fügen allen Getroffenen Schaden zu. Reduzierter Schaden gegen Kronentürme.","Las flechas afectan a una gran área e infligen daño a todos los objetivos alcanzados. Son menos efectivas contra las torres de coronas.","Le frecce piovono su un'area estesa, danneggiando ciò che colpiscono. Danno ridotto alle torri della corona.","Pijlen bestrijken een groot gebied en elke treffer veroorzaakt schade. Kroontorens lopen minder schade op.","Piler regner ned over et stort område og skader alle som blir truffet. Mindre skade på kronetårn.","Oklar geniş bir alana etki ederek vurduğu herkese hasar verir. Taç Kulelerine daha az hasar verir.","矢の雨を降らせ、広範囲の敵全員にダメージを与えることができます。ただしクラウンタワーに対してはダメージが減少します。","화살은 넓은 지역을 공격해 맞은 대상 모두에게 피해를 줍니다. 크라운 타워에는 비교적 적은 피해를 줍니다.","Стрелы покрывают большую зону, нанося урон всем. Повреждение королевской башни снижено.","وابل من السهام يمطر منطقة ضخمة، ويسبب الضرر لكل من يصيبه. قليل الضرر لأبراج التاج.","As flechas chovem em uma área extensa, danificando todos os atingidos. Dano reduzido às Torres da Coroa.","万箭齐发可以覆盖大片区域并对其中所有目标造成伤害。对皇家塔的伤害有所降低。","「萬箭齊發」可以掃射大範圍區域，對所有擊中的目標造成傷害，對皇家塔的傷害較低。"
"TID_SPELL_INFO_BABY_DRAGON","Flying troop that deals area damage. Baby dragons hatch cute, hungry and ready for a barbeque.","Combattant volant qui inflige des dégâts de zone. Les bébés dragons naissent adorables, affamés et prêts pour un bon petit barbecue.","Fliegende Einheiten, die Flächenschaden austeilen. Drachenbabys kommen sehr niedlich und sehr hungrig aus dem Ei - und sind verrückt nach Gegrilltem!","Una unidad voladora que inflige daño de área. Cuando nacen, los bebés dragón son monísimos, pero también tienen mucha hambre y siempre les apetece un buen churrasco.","Truppa volante che infligge danno ad area. I cuccioli di drago escono dall'uovo già carini, affamati e pronti per il barbecue.","Vliegende eenheden die gebiedsschade veroorzaken. Babydraken kruipen schattig en hongerig uit het ei, klaar voor een barbecue.","Flygende tropp som forårsaker områdeskade. Drageungene som klekkes ut, er sultne og klare for litt grilling.","Alan hasarı veren uçan birlik. Bebek ejderhalar tatlı, aç ve barbeküye hazır doğar.","範囲攻撃型の飛行ユニットです。生まれたての小さなドラゴンですが、はらぺこで、バーベキューをしたくて仕方がないようです！","광역 공격을 하는 공중 유닛입니다. 베이비 드래곤은 귀엽지만 굶주렸으며 적들을 바비큐로 만들고 싶어 안달이 나 있지요.","Летающий воин, наносящий урон по зоне. Маленькие драконы — вечноголодные симпатяги, мечтающие о шашлыке.","قوات طائرة تسبب ضررًا في المنطقة. صغار التنانين تخرج لطيفة وجائعة وجاهزة لحفلات الشواء.","Tropa voadora que causa dano em área. Bebês dragões nascem fofos, com fome e prontos para o churrasco.","飞行部队，能造成范围伤害。萌萌的飞龙宝宝现在饿了，准备来一顿烧烤大餐呢！","這是可以造成範圍傷害的飛行部隊。飛龍寶寶很可愛但是很愛吃，隨時隨地都可以開始烤肉派對。"
"TID_SPELL_INFO_FIREBALL","Annnnnd... Fireball. Incinerates a small area, dealing high damage. Reduced damage to Crown Towers.","Et bim, une boule de feu. Incinère une petite zone, infligeant des dégâts élevés. Dégâts réduits sur les tours couronnées.","Uuuund ... Feuerball. Entzündet einen kleinen Bereich, verursacht großen Schaden. Reduzierter Schaden gegen Kronentürme.","¡Bum! La bola de fuego incinera un área pequeña, en la que causa un gran daño. Es menos efectiva contra las torres de coronas.","E ora... la Sfera infuocata. Incenerisce un'area di piccole dimensioni, infliggendo danni elevati. Danno ridotto alle torri della corona.","En een... vuurbal. Verschroeit een klein gebied, maar veroorzaakt veel schade. Kroontorens lopen minder schade op.","Oooooog ... ildkule! Svir av et lite område og påfører stor skade. Mindre skade på kronetårn.","Veee... Alev Topu. Küçük bir alanı yakıp kül ederek yüksek hasar verir. Taç Kulelerine daha az hasar verir.","おなじみのファイアボール。小範囲を焼きつくし、敵兵士に大きなダメージを与えますが、クラウンタワーに対してはダメージが減少します。","뜨겁고도 뜨거운... 불덩어리입니다. 일정 영역을 불태워 높은 피해를 주지만 크라운 타워에는 비교적 적은 피해를 줍니다.","Оооооо... Огненный шар. Испепеляет небольшую зону, нанося большой урон. Повреждение королевской башни снижено.","و... كرة نارية. تحرق منطقة صغيرة، وتسبب ضررًا كبيرًا. قليلة الضرر لأبراج التاج.","Eeeee... bola de fogo! Incinera uma pequena área, causando grande dano. Dano reduzido às Torres da Coroa.","火球来啦。它能焚烧小片区域并造成大量伤害，对皇家塔的伤害有所降低。","隆重呈現...火球。火球可以灼燒小範圍區域並造成高傷害，但對皇家塔的傷害較低。"
"TID_SPELL_INFO_GOBLIN_HUT","Building that spawns Spear Goblins. But don´t look inside. You don´t want to see how they are made.","Bâtiment qui génère des gobelins à lance. Mais ne regardez pas à l'intérieur, vous ne voulez pas savoir de quoi ils sont faits !","Gebäude, das Speerkobolde ausstößt. Nicht hineinschauen! Sonst kriegst du noch mit, wie sie gemacht werden ...","Estructura que genera duendes con lanza. Ni se te ocurra mirar dentro, no querrás saber de dónde salen...","Edificio che genera goblin lancieri. Ma non guardarci dentro. Meglio non sapere come li fanno.","Gebouw dat speerkobolden voortbrengt. Niet naar binnen kijken. Je wilt niet weten hoe ze worden gemaakt.","Bygning som spawner spydnisser. Men ikke se på innsiden. Du vil ikke vite hvordan de lages.","Mızraklı Goblin yapan bir bina. Ama içine bakmasan iyi olur. Onların nasıl yapıldığını görmek istemezsin.","槍ゴブリンが次々とわき出すユニット兵舎の一種です。でも中を見てはいけません！ ゴブリンがどんなふうに生まれてくるかなんて、知らない方が幸せですよ...","창 고블린을 훈련시키는 건물입니다. 하지만 훈련 광경이 별로 아름답진 않으니, 들여다보지 말 것을 권하는 바입니다.","Здание выпускает гоблинов—копейщиков. Не заглядывай внутрь! Откуда они берутся — зрелище не для слабонервных.","مبنى يولد غيلان الرمح. ولكن لا تنظر في الداخل. لن يعجبك رؤية طريقة صناعتهم.","Construção que gera goblins lanceiros. Mas não olhe lá dentro. Você não quer ver como são feitos.","生成长矛哥布林的建筑。但是千万别往里面瞧，你不会想看到生产过程的。","這是一棟產生哥布林投矛手的建築物。不過，千萬別往裡頭看，你不會想要知道這些哥布林是怎麼產生的。"
"TID_SPELL_INFO_TESLA","Defensive building. Whenever it's not zapping the enemy, the power of Electrickery is best kept grounded.","Bâtiment défensif. Quand la tour Tesla n'électrocute pas l'ennemi, sa puissance électrisante est confinée sous terre.","Verteidigungsgebäude. Wenn nicht gerade Gegner geschockt werden, sollte diese Elektrickserei am besten geerdet sein.","Estructura defensiva. Si no hay ningún enemigo alrededor, prefiere resguardarse bajo tierra.","Edificio difensivo. Quando non sta fulminando i nemici, il potere dell'Elettrotranello è tenuto nascosto.","Verdedigingsgebouw. Wordt gebruikt om de vijand te zappen. In de ruststand dient de elek-truc-iteit te worden geaard.","Forsvarsbygning. Når den ikke zapper fienden, er det best å holde elektriksitetens krefter i sjakk.","Savunma binası. Düşmanı çarpmadığı anlarda elektrik gücü kullanılmasa iyi olur.","防衛設備の一つです。危険なビリビリの力を使うので、敵を丸こげにしていない時は地面にしまわれています。","방어 시설입니다. 적들을 구워버릴 때를 제외하면 이런 전기 시설은 땅 속에 있는 게 맞겠지요.","Защитное сооружение. Пока не бьет по врагам, электричество лучше заземлить.","مبنى دفاعي. في حالة عدم تدمير العدو فإن قوة إليكتريكيري من الأفضل أن تبقى أرضًا.","Construção defensiva. Quando o Eletruque não estiver aterrorizando o inimigo, sua energia é que deve ser aterrada.","防御建筑。当不用电击敌人时，最好把它的电流能量接地处理。","一棟防禦型的建築，在不使用電擊法術擊倒敵人的時候，最好是謹慎拘束這種能量。"
"TID_CANNOT_USE_MIRROR_FIRST","Mirror cannot be used as a first card","Le miroir ne peut pas être utilisé en tant que première carte.","Spiegel kann nicht als erste Karte verwendet werden.","No puedes empezar usando el hechizo de espejo.","Specchio non può essere utilizzato come prima carta","Spiegel kan niet worden gebruikt als eerste kaart","Speil kan ikke brukes som første kort","Ayna, ilk kart olarak kullanılamaz","鏡は最初のカードとしては使えません","반사경은 첫 카드로 사용할 수 없습니다.","Зеркало не может быть первой картой","لا يمكن استخدام المرآة كبطاقة أولى","O Espelho não pode ser usado como primeira carta.","镜像法术不能作为第一张卡牌使用","第一張卡牌不能是鏡像法術"
"TID_LEGEND_TROPHY","Legend Trophies","Trophées légendaires","Legenden-Trophäen","Trofeos de leyenda","Trofei leggenda","Legendarische trofeeën","Legendetrofeer","Efsane Kupalar","レジェンドトロフィー","전설 트로피","Легендарные трофеи","كؤوس الأسطورة","Troféus lendários","传奇奖杯","傳奇獎盃"
"TID_LEGEND_ARENA_TOURNAMENT","Legendary Arena Season","Saison de l'arène légendaire","Legendäre Arenasaison","Temporada de la Arena Legendaria","Stagione arena leggendaria","Seizoen van de legendarische arena","Legendarisk arena-sesong","Efsanevi Arena Sezonu","レジェンドアリーナシーズン","전설 아레나 시즌","Сезон Легендарной арены","موسم الساحة الأسطورية","Temporada de Arena Lendária","传奇竞技场赛季","傳奇競技場賽季"
"TID_WINNERS_WILL_BE_FEATURED","Winners of the\nLegendary Arena Tournament\nwill be featured here!","Les gagnants du\ntournoi de l'arène légendaire\nseront affichés ici !","Hier erscheinen\ndie Gewinner des\nLegendären Arenaturniers!","¡Aquí aparecerán\nlos ganadores del torneo\nde la Arena Legendaria!","I vincitori del\ntorneo arena leggendaria\nverranno mostrati qui!","Hier worden de winnaars van het\ntoernooi in de legendarische arena\nvermeld!","Vinnerne av\nLegendarisk arena-turneringen\nvil presenteres her!","\nEfsanevi Arena Turnuvasının\nkazananları burada gösterilecek!","\nレジェンドアリーナトーナメント\nの勝者は、こちらで紹介されます！","\n전설 리그 토너먼트\n승리자는 여기에 등록됩니다!","Здесь будут показаны победители\nТурнира Легендарной Арены\n!","سيتم تقديم الفائزين\nببطولة الساحة الأسطورية\nهنا!","Os vencedores do\nTorneio de Ligas Lendárias\naparecerão aqui!","这里显示了\n传奇竞技场锦标赛\n的获胜玩家！","傳奇聯盟競賽的贏家\n將會顯示於此！"
"TID_HINT_TROPHY_DROPPING","Dropping Trophies isn´t beneficial, because chests from higher Arenas give you a lot more Gold and many more cards!","Il n'est pas à votre avantage de perdre des trophées, car les coffres des arènes supérieures rapportent beaucoup plus d'or et de cartes !","Es bringt nicht viel, Trophäen fallen zu lassen, denn Truhen aus höheren Arenen bringen dir viel mehr Gold und Karten ein!","No es recomendable deshacerse de los trofeos, ya que los cofres de las arenas superiores dan más oro y muchas más cartas.","Abbassare la quota di trofei non è vantaggioso perché i bauli delle arene superiori offrono molto più oro e molte più carte!","Het is ongunstig om het aantal trofeeën te laten inzakken omdat kisten van hogere arena's je veel meer goud en veel meer kaarten opleveren!","Det er ikke en fordel å slippe trofeer, for kister fra høyere arenaer gir deg mye mer gull og mange flere kort!","Kupa düşürmek işine yaramaz çünkü daha yüksek Arenalardaki sandıklar daha fazla Altın ve çok daha fazla kart verir!","上位アリーナでは宝箱から手に入るゴールドや\nカードの数が格段に多いため、トロフィーを\n減らしてしまうと不利になります。","트로피 수가 줄면 좋지 않습니다. 상위 아레나에서 나오는 상자에서 더 많은 골드와 카드를 획득할 수 있기 때문이죠!","Потеря трофеев не дает ничего хорошего, ведь в сундуках более высоких Арен куда больше золота и карт!","تقليل الكؤوس ليس مفيدًا، لأن الصناديق من ساحات أعلى تمنحك ذهبًا وبطاقات أكثر!","Perder troféus não vale a pena, já que baús de Arenas mais altas dão muito mais ouro e cartas!","降杯没什么好处，因为竞技场等级越高，其奖励宝箱中的金币和卡牌就越多！","失去獎盃沒有好處，因為你可以在更高階的鬥技場獲得更多的金幣和卡片！"
"TID_HINT_FRIENDLY_BATTLES2","Friendly Battles level the playing field, capping your cards and Crown Towers at the \qtournament standard\q.","Les combats amicaux sont équilibrés car le niveau de vos cartes et tours couronnées est limité par les \qnormes des tournois\q.","Bei Testspielen herrschen gleiche Chancen für alle - deine Karten und Kronentürme haben ein Limit gemäß dem \qTurnierstandard\q.","En las batallas amistosas se equilibra el campo de batalla y se limita el nivel de las cartas y de las torres de coronas con respecto al estándar del torneo.","Le battaglie amichevoli rendono neutro il campo di gioco, limitando il livello delle carte e delle torri della corona agli \qstandard da torneo\q.","Vriendschappelijke gevechten maken het spel eerlijker omdat er een limiet voor je kaarten en kroontorens wordt ingesteld met de \qtoernooistandaard\q.","Vennskapskamper gjøres jevnere ved å sette grensen for kort og kronetårn til \qturneringsstandarden\q.","Dostluk Savaşları oyun alanının seviyesini eşit düzeye getirir ve kartlarını ve Taç Kulelerini \qturnuva standardına\q getirebilirsin.","フレンドバトルでは公平を期すため、\qトーナメント基準\qに基づいてカードやクラウンタワーのレベルが制限されます。","친선전에서는 조건을 동일하게 하기 위해 \q토너먼트 기준\q에 맞춰 크라운 타워와 카드 레벨에 제한을 둡니다.","Дружеские поединки выводят поле боя на новый уровень, приводя карты и королевские башни к \qтурнирному стандарту\q.","المعارك الودية تعادل حقل اللعب، تغطي بطاقاتك وأبراج التاج على \qمعيار البطولة\q.","Batalhas amigáveis nivelam o jogo, limitando suas cartas e Torres da Coroa conforme o \qpadrão de torneio\q.","友谊战的比赛场地、卡牌等级上限和皇家塔上限与\q锦标赛标准\q相同。","在友誼對戰的戰場中，你的卡片和皇家塔都會依據\q競賽標準規則\q而有等級上限。"
"TID_HINT_FRIENDLY_BATTLES3","During a Friendly Battle, cards in your Battle Deck are capped at: Epic level 3, Rare level 6, Common level 8. Crown Towers are capped at level 8.","Pour un combat amical, vos cartes de combat sont limitées aux niveaux suivants : épique 3, rare 6, commun 8. Les tours couronnées sont limitées au niveau 8.","Bei einem Testspiel gelten Limits für die Karten in deinem Kampfdeck: Episch - Level 3, Selten - Level 6, Gewöhnlich - Level 8. Das Limit für Kronentürme liegt bei Level 8.","Durante las batallas amistosas, las cartas de la baraja bélica se limitan de la siguiente forma: nivel 3 como máximo para las épicas, nivel 6 para las especiales y nivel 8 para las comunes. Para las torres de coronas el nivel máximo es el 8.","Durante una battaglia amichevole, il livello delle carte nel tuo mazzo da battaglia è limitato a: epiche livello 3, rare livello 6, comuni livello 8. Le torri della corona sono limitate al livello 8.","Tijdens een vriendschappelijk gevecht wordt er een limiet voor de kaarten in je set gevechtskaarten ingesteld: episch level 3, zeldzaam level 6, gewoon level 8. Voor kroontorens wordt er een limiet van 8 ingesteld.","I vennskapskamper er det følgende grenser for kampkortene dine: Episke - nivå 3, sjeldne - nivå 6, vanlige - nivå 8. Kronetårn har en grense på nivå 8.","Dostluk Savaşı sırasında Savaş Destendeki kartlar şu seviyelere gelir: Destansı seviye 3, Ender seviye 6, Sıradan seviye 8. Taç Kuleleri 8. seviyeye gelir.","フレンドバトルには以下のレベル制限があります。\nスーパーレア＝レベル3、レア＝レベル6\nノーマル＝レベル8、クラウンタワー＝レベル8","친선전 중에는 전투 덱에 있는 카드가 영웅 레벨 3, 희귀 레벨 6, 일반 레벨 8로 제한되며 크라운 타워 또한 레벨 8로 제한됩니다.","Во время дружеского поединка карты боевой колоды будут следующих уровней: Эпическая 3 уровня, Редкая 6 уровня, обычная 8 уровня. Королевская башня находится на 8 уровне.","أثناء المعركة الودية، البطاقات في مجموعة المعركة مغطاة عند: مستوى 3 ممتاز، مستوى 6 نادر، مستوى 8 عادي، أبراج التاج مغطاة عند المستوى 8.","Durante uma batalha amigável, as cartas do seu baralho de batalha são limitadas a: Épicas nível 3, Raras nível 6, Comuns nível 8. Torres da Coroa são limitadas ao nível 8.","在友谊战中，出战卡组的等级上限为：史诗卡牌3级，稀有卡牌6级，普通卡牌8级。皇家塔最高为8级。","在友誼對戰中，戰鬥牌組的卡牌最高等級分別為：史詩卡片 3 級，稀有卡片為 6 級，普通卡片為 8 級。皇家塔最高等級為 8 級。"
"TID_LEGEND_SEASON_ENDED","Legendary Arena Season Ended","Saison de l'arène légendaire terminée","Legendäre Arenasaison ist zu Ende","Fin de la temporada de la Arena Legendaria","Stagione arena leggendaria terminata","Seizoen van de legendarische arena is geëindigd","Legendarisk arena-sesong avsluttet","Efsanevi Arena Sezonu Bitti","レジェンドアリーナのシーズンが終了","전설 아레나 시즌 종료","Конец сезона Легендарной арены","انتهى موسم الساحة الأسطورية","Temporada de Arena Lendária encerrada","传奇竞技场赛季已结束","傳奇競技場賽季已結束"
"TID_LEGENDARY_ARENA_RECORDS","Legendary Arena Records","Records de l'arène légendaire","Legendäre Arenarekorde","Récords de la Arena Legendaria","Record arena leggendaria","Gegevens legendarische arena","Legendarisk arena-rekorder","Efsanevi Arena Rekorları","レジェンドアリーナ記録","전설 아레나 기록","Рекорды Легендарной арены","سجلات الساحة الأسطورية","Registros da Arena Lendária","传奇竞技场记录","傳奇競技場紀錄"
"TID_GOLD_TOOL_TIP","<cd1ab22>Gold</c> is used to upgrade cards and to buy cards.\n\nYou get gold from chests and by donating cards to your clanmates.\n\nGold maximum is 500000.","L'<cd1ab22>or</c> sert à améliorer les cartes et à en acheter.\n\nVous en obtenez dans les coffres ou en donnant des cartes aux membres de votre clan.\n\nVous pouvez posséder jusqu'à 500 000 pièces d'or.","Mit <cd1ab22>Gold</c> kannst du Karten verbessern und kaufen.\n\nDu bekommst Gold aus Truhen, oder indem du Karten an deine Clankameraden spendest.\n\nDas Goldmaximum ist 500.000.","El <cd1ab22>oro</c> sirve para comprar cofres y cartas, además de para mejorarlas.\n\nSe consigue en los cofres y al donar cartas a los aliados.\n\nLa cantidad máxima de oro que puedes tener es 500 000.","L'<cd1ab22>oro</c> viene usato per migliorare carte e acquistare carte.\n\nOttieni oro dai bauli e donando carte ai membri del clan.\n\nL'oro massimo è 500.000.","<cd1ab22>Goud</c> wordt gebruikt om kaarten te upgraden en kaarten te kopen.\n\nJe krijgt goud uit kisten en door kaarten te doneren aan je clangenoten.\n\nDe goudlimiet ligt op 500.000.","<cd1ab22>Gull</c> brukes til å oppgradere og kjøpe kort.\n\nGull får du fra kister og ved å donere kort til klanvennene dine.\n\nMaksimalt antall gull er 500 000.","<cd1ab22>Altın</c> kartları yükseltmek ya da kart veya sandık satın almak için kullanılır.\n\nKlan arkadaşlarına kart bağışlayarak ve sandıkları açarak altın kazanabilirsin.\n\nMaksimum Altın 500.000'dir.","<cd1ab22>ゴールド</c>は、カードのアップグレードや購入に必要となります。\n\nゴールドは宝箱を開けるかカードをクランメンバーに寄付すると入手できます。\n\n上限は、500000ゴールドです。","<cd1ab22>골드</c>는 카드를 업그레이드하거나 카드 또는 상자를 구매하는 데 사용됩니다.\n\n상자를 열거나 카드를 클랜원에게 지원하여 골드를 받을 수 있습니다.\n\n골드의 소지 한도는 500000입니다.","<cd1ab22>Золото</c> используют для покупки и улучшения карт.\n\nЕго можно получить, открывая сундуки и отдавая карты соклановцам.\n\nМаксимум: 500 000.","<cd1ab22>الذهب</c> يُستخدم في ترقية البطاقات وشرائها.\n\nستحصل على الذهب من الصناديق وبالتبرع بالبطاقات لزملائك في القبيلة.\n\nالحد الأقصى للذهب هو 500000.","<cd1ab22>Ouro</c> é usado para aprimorar e comprar cartas.\n\nVocê ganha ouro em baús e doando cartas aos colegas de clã.\n\nO máximo de ouro é 500.000.","<cd1ab22>金币</c>可以用来升级和购买卡牌。\n\n您可以通过宝箱或向部落成员捐赠卡牌来获得金币。\n\n金币最大数额为500000枚。","<cd1ab22>金幣</c>是用來升級卡片以及購買卡片或寶箱的媒介。\n\n你可以透過打開寶箱或用卡片增援部落夥伴來獲得金幣。\n\n金幣的最大上限為 500,000。"
"TID_NEWS_UPDATE_TEXT","LEGENDARY ARENA & SEASONS\n- Legendary Arena: Unlocks at 3000 Trophies\n- Seasons: Every two weeks, players above 3000 Trophies will be reset to 3000 and all deducted Trophies will be awarded as Legend Trophies!\n\n​TOURNAMENT RULES\n- Tournament Rules: Friendly Battles now use the all-new \qTournament Standard\q level caps for truly fair-play matches! The level caps are: King & Crown Towers 8, Common Cards 8, Rares 6, Epics 3 and overtime lasts for 3 minutes. Have fun organising your own tournaments!\n\n​BALANCE & OTHER CHANGES\n- Battle Cost: We´ve removed the Gold cost for Battles and Friendly Battles\n- Balance: We´ve re-balanced a bunch of cards, visit www.clashroyale.com to find out more\n- Bugs: Stuck Witches, iMessage issues and many more fixes","ARÈNE LÉGENDAIRE ET SAISONS\n- Arène légendaire : accessible avec 3 000 trophées\n- Saisons : toutes les deux semaines, les joueurs ayant plus de 3 000 trophées verront leur nombre de trophées redescendre à 3 000 et tous leurs trophées ainsi prélevés deviendront des trophées légendaires !\n\n​RÈGLEMENT DES TOURNOIS\n- Règlement des tournois : les combats amicaux respectent désormais les toutes nouvelles limites de niveaux des \qnormes des tournois\q, pour des combats vraiment équitables ! Ces limites de niveaux sont les suivantes : 8 pour le roi et les tours couronnées, 8 pour les cartes communes, 6 pour les cartes rares, 3 pour les cartes épiques, avec un temps extra de 3 minutes. Amusez-vous bien en organisant vos propres tournois !\n\n​ÉQUILIBRAGE ET AUTRES CHANGEMENTS\n- Coût des combats : les dépenses d'or pour les combats et combats amicaux, c'est fini !\n- Équilibrage : nous avons rééquilibré certaines cartes. Consultez www.clashroyale.com pour en savoir plus.\n- Résolution de nombreux bugs, y compris ceux liés aux sorcières bloquées et à iMessage.","LEGENDÄRE ARENA UND SAISONS\n- Legendäre Arena: Wird bei 3000 Trophäen freigeschaltet\n- Saisons: Alle zwei Wochen werden Spieler mit über 3000 Trophäen auf 3000 Trophäen zurückgesetzt. Alle abgezogenen Trophäen werden als legendäre Trophäen vergeben!\n\n​TURNIERREGELN\n- Turnierregeln: Für Testspiele gelten jetzt \qTurnierstandards\q mit Levellimits, um für gerechte Voraussetzungen zu sorgen! Es gelten folgende Levellimits: König und Kronentürme - 8, Gewöhnliche Karten - 8, Seltene Karten - 6, Epische Karten - 3. Die Verlängerung dauert 3 Minuten. Viel Spaß beim Organisieren eurer Turniere!\n\n​AUSGEWOGENHEIT UND ANDERE VERÄNDERUNGEN:\n- Kampfkosten: Wir haben die Goldkosten für Kämpfe und Testspiele entfernt.\n- Ausgewogenheit: Wir haben verschiedene Karten neu austariert (weitere Informationen findest du auf www.clashroyale.com).\n- Fehler: Feststeckende Hexen, iMessage-Probleme und vieles mehr wurde behoben.","ARENA LEGENDARIA Y TEMPORADAS\n— Arena Legendaria: Se desbloquea con 3000 trofeos.\n— Temporadas: Cada dos semanas, se reiniciará el número de trofeos a 3000 para aquellos jugadores que tengan más de esa cantidad, y los trofeos que se hayan restado se entregarán en forma de trofeos de leyenda.\n\nREGLAS DEL TORNEO\n— Reglas: Las batallas amistosas se rigen en función de los nuevos límites de nivel del estándar del torneo para que las partidas sean justas. Los límites son los siguientes: nivel 8 para las torres del rey y de coronas, nivel 8 para las cartas comunes, nivel 6 para las cartas especiales, nivel 3 para las cartas épicas y tiempo extra de 3 minutos. ¡Disfruta organizando tus propios torneos!\n\n​AJUSTES DE EQUILIBRIO Y OTROS CAMBIOS\n— Coste de las batallas: Las batallas normales y las amistosas ya no cuestan oro.\n— Equilibrio: Hemos ajustado algunas cartas. Visita www.clashroyale.com para obtener más información.\n— Errores arreglados: Las brujas ya no se quedan atascadas, hemos solucionado problemas con iMessage ¡y más cosas!","ARENA LEGGENDARIA E STAGIONI\n- Arena leggendaria: si sblocca a 3.000 trofei\n- Stagioni: ogni due settimane, i giocatori con più di 3.000 trofei saranno riportati a 3.000 e i trofei sottratti saranno convertiti in trofei leggenda!\n\n​REGOLE DA TORNEO\n- Regole da torneo: ora le battaglia amichevoli usano i nuovi limiti di livello \qstandard da torneo\q per partite all'insegna del fair-play! I limiti di livello sono: re e torri della corona 8, carte comuni 8, rare 6, epiche 3 e i supplementari durano 3 minuti. Divertitevi a organizzare i vostri tornei!\n\n​BILANCIAMENTO E ALTRI CAMBIAMENTI\n- Costo delle battaglie: abbiamo tolto il costo in oro per battaglie e battaglie amichevoli\n- Bilanciamento: abbiamo ribilanciato diverse carte, visita www.clashroyale.com per saperne di più\n- Errori: streghe bloccate, problemi con iMessage e molte altre correzioni","LEGENDARISCHE ARENA & SEIZOENEN\n- Legendarische arena: wordt ontgrendeld bij 3000 trofeeën\n- Seizoenen: elke twee weken worden spelers met meer dan 3000 trofeeën teruggezet naar 3000 en alle afgetrokken trofeeën worden toegekend als legendarische trofeeën!\n\n​TOERNOOIREGELS\n- Toernooiregels: vriendschappelijke gevechten gebruiken nu de volledig nieuwe \qtoernooistandaard\q limieten op levels voor volledig eerlijke gevechten! De limieten voor de levels zijn: koning en kroontorens 8, gewone kaarten 8, zeldzame 6, epische 3 en de extra tijd duurt 3 minuten. Geniet van het organiseren van je eigen toernooien!\n\n​BALANS EN ANDERE WIJZIGINGEN\n- Gevechtskosten: we hebben de goudkosten voor gevechten en vriendschappelijke gevechten verwijderd\n- Balans: we hebben de balans van een heleboel kaarten aangepast, ga naar www.clashroyale.com voor meer informatie\n- Opgeloste problemen: vastgelopen heksen, iMessage-problemen en nog veel meer opgeloste problemen","LEGENDARISK ARENA & SESONGER\n- Legendarisk arena: Låser opp på 3000 trofeer\n- Sesonger: Annenhver uke tilbakestilles spillere med mer enn 3000 trofeer til 3000, og alle fratrukne trofeer gjøres om til legendetrofeer!\n\n​TURNERINGSREGLER\n- Turneringsregler: Vennskapskamper bruker nå den helt nye \qturneringsstandarden\q, med nivågrenser som virkelig gir rettferdige kamper! Nivågrensene er: Konge og kronetårn - 8, vanlige kort - 8, sjeldne - 6, episke - 3, mens overtiden varer i tre minutter. Ha det gøy med å organisere dine egne turneringer!\n\n​BALANSE & ANDRE ENDRINGER\n- Kampkostnad: Vi har fjernet gullkostnaden for kamper og vennskapskamper\n- Balanse: Vi har gjort om balansen for en rekke kort. Besøk www.clashroyale.com for å finne ut mer\n- Feilrettinger: Hekser som sitter fast, iMessage-problemer og mye annet","EFSANEVİ ARENA VE SEZONLAR\n- Efsanevi Arena: Kilidi 3000 Kupada açılır\n- Sezonlar: Kupa sayısı 3000'den fazla olan oyuncuların kupaları iki haftada bir 3000'e sıfırlanır ve tüm kesilen Kupalar Efsane Kupalar olarak verilir!\n\nTURNUVA KURALLARI\n- Turnuva Kuralları: Gerçekten adil oyun maçları için Dostluk Savaşları artık yepyeni \qTurnuva Standardı\q seviye kapasitelerini kullanacak! Seviye kapasiteleri şu şekilde: Kral ve Taç Kuleleri 8, Sıradan Kartlar 8, Enderler 6, Destansılar 3 ve uzatma seviyeleri 3 dakika sürecek. Kendi turnuvalarını organize etme keyfini yaşa!\n\nDENGE VE DİĞER DEĞİŞİKLİKLER\n- Savaş Maliyeti: Savaş ve Dostluk Savaşlarının Altın maliyetini kaldırdık\n- Denge: Bazı kartların dengesini ayarladık, daha fazlasını öğrenmek için www.clashroyale.com adresini ziyaret et\n- Hatalar: Takılan Cadılar, iMessage sorunları ve daha pek çok düzeltme","レジェンドアリーナ＆シーズン\n- レジェンドアリーナ： 3000トロフィーでアンロック\n- シーズン： 3000トロフィー以上を保持しているプレイヤーは2週間おきに3000トロフィーにリセットされ、差し引かれた分のトロフィーを「レジェンドトロフィー」として獲得します！\n\nトーナメントルール\n- トーナメントルール： 真にフェアな戦いを実現するため、フレンドバトルには新しい\qトーナメント基準\qに基づくレベル制限が適用されます！ レベル制限は以下の通りです：キングおよびクラウンタワー=8、ノーマルカード=8、レアカード=6、スーパーレアカード=3、延長タイム3分間。自分ルールのトーナメントをお楽しみください！\n\nバランス調整とその他の変更\n- バトルコスト： バトルやフレンドバトルの際に必要だったゴールド費用を廃止しました\n- バランス調整： 多くのカードでバランス調整を行いました。詳しくは（）をご確認ください\n- 不具合の修正： ネクロマンサーが引っかかる問題、iMessageにまつわる問題など、複数の不具合を修正しました","전설 아레나 & 시즌\n- 전설 아레나: 트로피 3000개에서 해제됩니다.\n- 시즌: 2주에 한 번씩 3000개 이상 트로피를 획득한 플레이어의 트로피 수가 3000개로 리셋되며 남은 트로피는 전설 트로피로 등록됩니다!\n\n토너먼트 규칙\n- 토너먼트 규칙: 친선전에 이제부터 새로운 \q토너먼트 기준\q 레벨 제한이 적용되어 공평한 조건에서 경기를 할 수 있습니다! 레벨 제한은 다음과 같습니다. 킹스 타워 및 크라운 타워 레벨 8, 일반 카드 레벨 8, 희귀 카드 레벨 6,영웅 카드 레벨 3이며 추가 시간은 3분입니다. 자신만의 토너먼트를 만들어 보세요!\n\n밸런스 및 기타 변경점\n- 경기 비용: 일반 전투 및 친선전에 이제 골드를 사용하지 않도록 변경했습니다.\n- 밸런스: 일부 카드의 밸런스를 변경했습니다. www.clashroyale.com을 방문해 자세한 내용을 알아보세요.\n- 버그 수정: 마녀가 걸리는 현상, iMessage버그 및 다양한 버그를 수정했습니다.","ЛЕГЕНДАРНАЯ АРЕНА И СЕЗОНЫ\n- Легендарная арена: открывается на 3 000 трофеев;\n- Сезоны: каждые две недели трофеи игроков, набравших больше 3 000 трофеев, будут сброшены до 3 000. Сброшенные трофеи превратятся в легендарные!\n\n​ПРАВИЛА ТУРНИРА\n- Турнирные поединки теперь проводятся по \qТурнирным стандартам\q, где уровни подгоняются для более честной игры! Уровни следующие: король и королевские башни получают уровень 8, обычные карты — 8, Редкие — 6, Эпические — 3, также дается 3 минуты доп. времени. Организуйте турниры на здоровье!\n\nБАЛАНС И ДРУГИЕ ПЕРЕМЕНЫ\n- Стоимость сражений: мы убрали плату золотом за бои и дружеские поединки;\n- Баланс: мы изменили несколько карт, подробнее можно узнать на www.clashroyale.com;\n- Исправлены ошибки: застрявшие ведьмы, iMessage и многие другие.","الساحة الأسطورية والمواسم\n- الساحة الأسطورية: تُفتح عند 3000 كأس\n- المواسم: كل أسبوعين، ستتم إعادة تعيين اللاعبين أعلى من 3000 كأس إلى 3000 وسيتم منح كل الكؤوس المخصومة ككؤوس أسطورة!\n\nقواعد البطولة\n- قواعد البطولة: المعارك الودية الآن تستخدم مستويات قدرة \qمعيار بطولة\q جديدة تمامًا للوصول إلى مباريات عادلة حقًا! مستويات القدرة هي: الملك وأبراج التاج 8 والبطاقات العادية 8 والنادرة 6 والممتازة 3 ويدوم الوقت الإضافي لمدة 3 دقائق. تمتع بترتيب بطولاتك الخاصة!\n\nالتوازن والتغييرات الأخرى\n- تكلفة المعركة: أزلنا تكلفة الذهب للمعارك والمعارك الودية\n- التوازن: أعدنا موازنة مجموعة من البطاقات، قم بزيارة www.clashroyale.com لاكتشاف المزيد\n- الأعطال: توقف الساحرات، مشاكل iMessage والمزيد من الإصلاحات.","ARENA LENDÁRIA E TEMPORADAS\n- Arena Lendária: Liberada ao alcançar 3000 troféus\n- Temporadas: A cada duas semanas, jogadores com mais de 3000 troféus serão reduzidos a 3000 e todos os troféus subtraídos serão transformados em troféus lendários!\n\nREGRAS DE TORNEIO\n- Regras de Torneio: batalhas amigáveis agora usam as novas limitações do \qpadrão de torneio\q para partidas justas! As limitações são: Rei e Torres da Coroa 8, cartas comuns 8, cartas raras 6, épicas 3 e prorrogação de até 3 minutos. Divirta-se organizando seus próprios torneios!\n\nEQUILÍBRIO E OUTRAS ALTERAÇÕES\n- Custo de batalhas: removemos o custo em ouro para batalhas e batalhas amigáveis\n- Equilíbrio: rebalanceamos várias cartas, visite www.clashroyale.com para descobrir mais\n- Erros: Bruxas travadas, problemas com iMessage e outros consertos","传奇竞技场和赛季\n- 传奇竞技场：在3000杯时解锁\n- 赛季：每隔两周，杯数大于3000的玩家将重置为3000杯，所有的扣除奖杯将以传奇奖杯的形式发放！\n\n​锦标赛规则\n- 锦标赛规则：为保证比赛公平，友谊战将采用全新的\q锦标赛标准\q等级上限：国王防御塔和皇家塔8级，普通卡牌8级，稀有卡牌6级，史诗卡牌3级，加时赛为3分钟。快来组织自己的锦标赛吧！\n\n​平衡性调整和其他改动\n- 战斗花费：我们取消了战斗和友谊战所需的金币花费\n- 平衡性调整：我们对大量卡牌做了平衡性调整，请访问www.clashroyale.com查看更多信息\n- 错误修复：卡女巫错误、iMessage问题和其他错误","傳奇競技場與賽季\n- 傳說鬥技場：將在獲得 3000 個獎盃後開放\n- 賽季：每兩週會將玩家的獎盃重設為 3000。若玩家擁有獎盃數量超過 3000，扣除的獎盃將會轉換為傳說獎盃！\n\n​競賽規則\n- 競賽規則：友誼對戰將改用全新\q對戰標準\q等級，讓比賽更公平！等級上限為：國王與皇家塔為 8 級，普通卡片為 8 級，稀有卡片為 6 級，史詩卡片為 3 級，延長賽時間為 3 分鐘。希望你也能在為競賽準備時獲得樂趣！\n\n​遊戲平衡調整與其他變更\n- 對戰花費：我們取消了對戰與友誼對戰時需花費金幣的規則\n- 平衡調整：我們調整了大量卡片的能力，如需更多細節，請參照 www.clashroyale.com 公布資訊\n- 遊戲錯誤：女巫卡住不動、iMessage 以及其他錯誤修正"
"TID_INFO_ARENA7","Royal Arena","Arène royale","Königliche Arena","Arena real","Royal Arena","Koninklijke arena","Kongearenaen","Kraliyet Arenası","ロイヤルアリーナ","로얄 아레나","Королевская арена","ساحة ملكية","Arena Real","皇家竞技场","皇家競技場"
"TID_ARENA8","Arena 8","Arène 8","Arena 8","Arena 8","Arena 8","Arena 8","Arena 8","8. Arena","アリーナ8","아레나 8","Арена 8","الساحة 8","Arena 8","8阶竞技场","8階競技場"
"TID_INFO_ARENA8","Legendary Arena","Arène légendaire","Legendäre Arena","Arena legendaria","Arena leggendaria","Legendarische arena","Legendarisk arena","Efsanevi Arena","レジェンドアリーナ","전설 아레나","Легендарная арена","ساحة أسطورية","Arena Lendária","传奇竞技场","傳奇競技場"
"TID_MIRRORED_LEGENDARY_LEVEL","Mirrored legendary level","Niveau légendaire reproduit","Spiegelbildlicher legendärer Level","Nivel legendario duplicado","Livello leggendario copiato","Gespiegeld legendarisch level","Speilet legendarisk nivå","Aynalı efsanevi seviye","ウルトラレアカードを複製","복제된 전설 레벨","Зеркало легендарного уровня","ساحة أسطورية منعكسة","Nível lendário espelhado","复制的传奇卡牌等级","複製傳奇等級"
"TID_SPELL_INFO_PRINCESS","Shoots a volley of flaming arrows halfway across the Arena. The Princess is afraid of germs, so keep the rabble away from her!","Décoche une volée de flèches enflammées au beau milieu de l'arène. La princesse a horreur des microbes, alors tenez-la à l'écart de la populace !","Schießt eine Salve flammender Pfeile durch die halbe Arena. Die Prinzessin fürchtet sich vor Bazillen, also halte ihr das Gesindel vom Hals!","La princesa lanza una lluvia de flechas ardientes de un lado a otro de la arena, pero tiene miedo a los gérmenes, ¡así que no dejes que el populacho se le acerque demasiado!","Lancia una raffica di frecce infuocate in mezzo all'arena. La principessa ha paura dei germi, quindi tieni la plebaglia lontana da lei!","Schiet een salvo brandende pijlen over de halve lengte van de arena. De prinses is bang voor bacillen, dus hou het plebs uit haar buurt!","Skyter en salve med brennende piler halvveis over arenaen. Prinsessen er redd for bakterier, så hold pøblene unna henne!","Arenanın ortasından yanan ok yağmuruna tutar. Prenses mikroplardan korktuğu için ayak takımını ondan uzak tutmalısın!","アリーナの反対側まで、火矢の一斉射撃を浴びせます。プリンセスはきれい好きなので、平民やバイ菌どもを近づけてはなりません！","전체 아레나의 절반을 가로지르는 불화살 더미를 발사합니다. 프린세스는 세균을 무서워하므로 폭도들과 접촉하지 않도록 하세요!","Стреляет горящими стрелами через половину арены. Принцесса боится микробов, так что держи этот сброд от нее подальше!","تطلق سهامًا نارية طائرة عبر الساحة. الأميرة تخشى الجراثيم، ولهذا يجب إبقاء الرعاع بعيدًا عنها.","Atira um monte de flechas flamejantes pela arena. A princesa tem fobia de germes, então mantenha a ralé longe dela.","发射一连串可以覆盖竞技场半场的火焰箭。公主非常娇贵，不要让暴民们接近她！","她發射的火焰箭能夠穿越大半個競技場。公主十分嬌貴，可別讓這些下等人接近她！"
"TID_SPELL_ATTRIBUTE_TOWER_DPS","Crown Tower Damage/sec","Dégâts/s Tour couronnée","Kronenturm-Schaden/Sek.","Daño/segundo a torres de coronas","Danno/sec torri della corona","Schade kroontoren/sec","Kronetårnskade per sek.","Taç Kulesi Hasarı/sn","クラウンタワーダメージ／秒","크라운 타워 초당 피해량","Урон королевской башни/сек","ضرر برج التاج/الثانية","Dano à Torre da Coroa/seg","皇家塔每秒伤害","皇家塔每秒傷害"
"TID_HINT_PRINCESS","The Princess can shoot a volley of flaming arrows halfway across the Arena! Her weakness is germophobia.","La princesse peut décocher une volée de flèches enflammées au beau milieu de l'arène. Sa plus grande faiblesse est sa phobie des microbes.","Die Prinzessin kann eine Salve flammender Pfeile durch die halbe Arena schießen. Ihre Schwäche ist eine übersteigerte Angst vor Bazillen.","La princesa lanza una lluvia de flechas ardientes de un lado a otro de la arena, pero tiene germenfobia.","La principessa può lanciare una raffica di frecce infuocate a mezza arena di distanza! La sua debolezza è la germofobia.","De prinses kan een salvo brandende pijlen over de halve lengte van de arena afvuren! Bacillen zijn haar grootste angst.","Prinsessen kan skyte en salve med brennende piler halvveis over arenaen! Svakheten hennes er frykt for bakterier.","Prenses Arenanın ortasından yanan ok yağmuruna tutar! Zayıf yönü mikroplardan korkmasıdır.","プリンセスはアリーナ全体を火矢の一斉射撃で\n攻撃します！ 彼女の弱点は、潔癖症なことです。","프린세스는 아레나의 절반을 가로지르는 불화살들을 발사합니다! 하지만 세균을 무서워하죠.","Принцесса может стрелять горящими стрелами через половину Арены! Ее слабость — боязнь микробов.","تستطيع الأميرة إطلاق أسهم نارية طائرة عبر الساحة! نقطة ضعفها هي الخوف من الجراثيم.","A Princesa atira um monte de flechas flamejantes pela arena. Sua fraqueza é uma fobia de germes.","公主可以发射一连串覆盖竞技场半场的火焰箭！她最大的弱点是有洁癖。","公主可以用火焰箭掃射鬥技場！但是她大的缺點就是有潔癖。"
"TID_X2_ELIXIR","X2 Elixir","Élixir x2","2x-Elixier","Elixir x2","Elisir X2","2 x elixir","2x eliksir","2 Kat İksir","2倍タイム","X2 엘릭서","Х2 эликсира","إكسير X2","Elixir X2","双倍圣水","兩倍聖水"
"TID_60S","+60s","+60s","+60 s","+60 s","+60s","+ 60 sec.","+60 s","+60sn",,"+60초","+60 с.","+60 ثانية","+60s","60","60"
"TID_TIME","Time","extra","Zeit","extra","Tempo","Tijd","Tid","Süre","秒 延長","시간","Время","وقت","Tempo","秒额外时间","秒 額外時間"
"TID_POPUP_ANDROID_EXIT","Are you sure you want to exit Clash Royale?","Voulez-vous vraiment quitter Clash Royale ?","Möchtest du Clash Royale wirklich beenden?","¿Seguro que quieres salir de Clash Royale?","Vuoi davvero uscire da Clash Royale?","Weet je zeker dat je Clash Royale wilt verlaten?","Er du sikker på at du vil avslutte Clash Royale?","Clash Royale'dan çıkmak istediğinden emin misin?","クラッシュ・ロワイヤルを終了してもよろしいですか？","정말로 클래시 로얄을 종료하시겠습니까?","Ты точно хочешь выйти из Clash Royale?","هل تريد بالتأكيد الخروج من Clash Royale؟","Quer mesmo sair do Clash Royale?","您确定要退出部落冲突:皇室战争(Clash Royale)吗？","你確定要離開《部落衝突：皇室戰爭》？"
"TID_POPUP_ANDROID_EXIT_TITLE","Exit Clash Royale?","Quitter Clash Royale ?","Clash Royale beenden?","Salir de Clash Royale","Uscire da Clash Royale?","Clash Royale verlaten?","Avslutte Clash Royale?","Clash Royale'dan çık?","クラッシュ・ロワイヤルの終了","클래시 로얄을 종료합니까?","Выйти из Clash Royale?","الخروج من Clash Royale؟","Sair do Clash Royale","要退出部落冲突:皇室战争(Clash Royale)吗？","確定要離開《部落衝突：皇室戰爭》？"
